-- m_data_import_setting テーブルへのデータ挿入
INSERT INTO m_data_import_setting (
    profile_id, usage_nm, group_company_cd, target_entity, 
    character_cd, delimiter, header_row_index, skip_row_count, is_active,
    cre_at, upd_at
) VALUES 
(1, 'KM-PRODUCT', 'KM', 'PRODUCT', 'UTF-8', ',', 1, 0, true, current_timestamp, current_timestamp),
(2, 'RKE-PRODUCT', 'RKE', 'PRODUCT', 'UTF-8', ',', 1, 0, true, current_timestamp, current_timestamp);

-- m_fixed_to_attr_map テーブルへのデータ挿入
INSERT INTO m_fixed_to_attr_map 
(
    map_id, group_company_cd, data_kind, attr_cd, 
    source_id_column, source_label_column, 
    value_role, data_type_override, split_mode, 
    is_active, priority, fixed_remarks
) VALUES 
(1, 'KM', 'PRODUCT', 'BRAND', 'source_brand_id', 'source_brand_nm', 'ID_AND_LABEL', 'NULL', 'NULL', TRUE, 1, NULL),
(2, 'KM', 'PRODUCT', 'CATEGORY_1', 'source_category_1_id', 'source_category_1_nm', 'ID_AND_LABEL', 'NULL', 'NULL', TRUE, 1, NULL),
(3, 'KM', 'PRODUCT', 'CATEGORY_2', 'source_category_2_id', 'source_category_2_nm', 'ID_AND_LABEL', 'NULL', 'NULL', TRUE, 1, NULL),
(4, 'KM', 'PRODUCT', 'CATEGORY_3', 'source_category_3_id', 'source_category_3_nm', 'ID_AND_LABEL', 'NULL', 'NULL', TRUE, 1, NULL),
(5, 'KM', 'PRODUCT', 'PRODUCT_STATUS', 'source_product_status_cd', 'source_product_status_nm', 'ID_AND_LABEL', 'NULL', 'NULL', TRUE, 1, NULL),
(6, 'KM', 'PRODUCT', 'NEW_USED_KBN', 'source_new_used_kbn', '""', 'ID_ONLY', 'NULL', 'NULL', TRUE, 1, NULL),
(7, 'KM', 'PRODUCT', 'STOCK_EXISTENCE', 'source_stock_existence_cd', 'source_stock_existence_nm', 'ID_AND_LABEL', 'NULL', 'NULL', TRUE, 1, NULL),
(8, 'KM', 'PRODUCT', 'SALE_STATUS', 'source_sale_permission_cd', 'source_sale_permission_nm', 'ID_AND_LABEL', 'NULL', 'NULL', TRUE, 1, NULL),
(9, 'KM', 'PRODUCT', 'TRANSFER_STATUS', 'source_transfer_status', '""', 'ID_ONLY', 'NULL', 'NULL', TRUE, 1, NULL),
(10, 'KM', 'PRODUCT', 'REPAIR_STATUS', 'source_repair_status', '""', 'ID_ONLY', 'NULL', 'NULL', TRUE, 1, NULL),
(11, 'KM', 'PRODUCT', 'RESERVATION_STATUS', 'source_reservation_status', '""', 'ID_ONLY', 'NULL', 'NULL', TRUE, 1, NULL),
(12, 'KM', 'PRODUCT', 'CONSIGNMENT_STATUS', 'source_consignment_status', '""', 'ID_ONLY', 'NULL', 'NULL', TRUE, 1, NULL),
(13, 'KM', 'PRODUCT', 'CONSIGNMENT_STATUS', 'source_accept_status', '""', 'ID_ONLY', 'NULL', 'NULL', TRUE, 1, NULL),
(14, 'KM', 'PRODUCT', 'EC_LISTING_STATUS', 'source_ec_listing_kbn', '""', 'ID_ONLY', 'NULL', 'NULL', TRUE, 1, NULL),
(15, 'KM', 'PRODUCT', 'PURCHASE_RANK', 'source_purchase_rank', 'source_purchase_rank_name', 'ID_AND_LABEL', 'NULL', 'NULL', TRUE, 1, NULL),
(16, 'KM', 'PRODUCT', 'SALES_RANK', 'source_sales_rank', 'source_sales_rank_name', 'ID_AND_LABEL', 'NULL', 'NULL', TRUE, 1, NULL);

INSERT INTO m_data_import_d (
    profile_id, column_seq, target_entity, attr_cd, 
    target_column, cast_type, transform_expr, is_required,
    import_remarks) VALUES 
(1, 0, 'PRODUCT_MST', 'GP_CD', 'group_company_cd', 'TEXT', NULL, TRUE, 'S3より取得した暗黙値（KM）でプログラミング補完'),
(1, 1, 'PRODUCT_MST', 'PRODUCT_CD', 'product_cd', 'TEXT', 'trim(@)', TRUE, '商品コード必須'),
(1, 2, 'PRODUCT_MST', 'PRODUCT_MANAGEMENT_CD', 'product_management_cd', 'TEXT', 'trim(@)', TRUE, NULL),
(1, 6, 'PRODUCT_MST', 'BRAND_ID', 'brand_id', 'TEXT', 'trim(@)', TRUE, NULL),
(1, 7, 'PRODUCT_MST', 'BRAND_NM', 'brand_nm', 'TEXT', 'trim(@)', TRUE, NULL),
(1, 50, 'PRODUCT_MST', 'CATEGORY_1_ID', 'category_1_id', 'TEXT', 'trim(@)', TRUE, '大カテゴリ必須'),
(1, 51, 'PRODUCT_MST', 'CATEGORY_1_NM', 'category_1_nm', 'TEXT', 'trim(@)', TRUE, '大カテゴリ必須'),
(1, 52, 'PRODUCT_MST', 'CATEGORY_2_ID', 'category_2_id', 'TEXT', 'trim(@)', TRUE, NULL),
(1, 53, 'PRODUCT_MST', 'CATEGORY_2_NM', 'category_2_nm', 'TEXT', 'trim(@)', TRUE, NULL),
(1, 54, 'PRODUCT_MST', 'CATEGORY_3_ID', 'category_3_id', 'TEXT', 'trim(@)', TRUE, NULL),
(1, 55, 'PRODUCT_MST', 'CATEGORY_3_NM', 'category_3_nm', 'TEXT', 'trim(@)', TRUE, NULL),
(1, 11, 'PRODUCT_MST', 'PRODUCT_STATUS_CODE', 'product_status_code', 'TEXT', 'trim(@)', FALSE, '商品状態必須'),
(1, 12, 'PRODUCT_MST', 'PRODUCT_STATUS_NM', 'product_status_nm', 'TEXT', 'trim(@)', FALSE, '商品状態必須'),
(1, 13, 'PRODUCT_MST', 'NEW_USED_KBN', 'new_used_kbn', 'TEXT', 'trim(@)', FALSE, '新品区分必須'),
(1, 14, 'PRODUCT_MST', 'QUANTITY', 'quantity', 'TEXT', 'trim(@)', FALSE, NULL),
(1, 15, 'PRODUCT_MST', 'STOCK_EXISTENCE_CD', 'stock_existence_cd', 'TEXT', 'trim(@)', FALSE, '在庫有無必須'),
(1, 16, 'PRODUCT_MST', 'STOCK_EXISTENCE_NM', 'stock_existence_nm', 'TEXT', 'trim(@)', FALSE, '在庫有無必須'),
(1, 17, 'PRODUCT_MST', 'SALE_PERMISSION_CD', 'sale_permission_cd', 'TEXT', 'trim(@)', FALSE, '販売可否必須'),
(1, 18, 'PRODUCT_MST', 'SALE_PERMISSION_NM', 'sale_permission_nm', 'TEXT', 'trim(@)', FALSE, '販売可否必須'),
(1, 19, 'PRODUCT_MST', 'TRANSFER_STATUS', 'transfer_status', 'TEXT', 'trim(@)', FALSE, '移動状態必須'),
(1, 20, 'PRODUCT_MST', 'REPAIR_STATUS', 'repair_status', 'TEXT', 'trim(@)', FALSE, '修理状態必須'),
(1, 21, 'PRODUCT_MST', 'RESERVATION_STATUS', 'reservation_status', 'TEXT', 'trim(@)', FALSE, '予約状態必須'),
(1, 22, 'PRODUCT_MST', 'CONSIGNMENT_STATUS', 'consignment_status', 'TEXT', 'trim(@)', FALSE, '委託状態必須'),
(1, 23, 'PRODUCT_MST', 'SOURCE_ACCEPT_STATUS', 'accept_status', 'TEXT', 'trim(@)', FALSE, '受託状態必須'),
(1, 24, 'PRODUCT_MST', 'EC_LISTING_KBN', 'ec_listing_kbn', 'TEXT', 'trim(@)', FALSE, 'EC掲載必須'),
(1, 25, 'PRODUCT_MST', 'ASSESSMENT_PRICE_EXCL_TAX', 'assessment_price_excl_tax', 'TEXT', 'trim(@)', FALSE, NULL),
(1, 26, 'PRODUCT_MST', 'ASSESSMENT_PRICE_INCL_TAX', 'assessment_price_incl_tax', 'TEXT', 'trim(@)', FALSE, NULL),
(1, 27, 'PRODUCT_MST', 'ASSESSMENT_TAX_RATE', 'assessment_tax_rate', 'TEXT', 'trim(@)', FALSE, NULL),
(1, 28, 'PRODUCT_MST', 'PURCHASE_PRICE_EXCL_TAX', 'purchase_price_excl_tax', 'TEXT', 'trim(@)', FALSE, NULL),
(1, 29, 'PRODUCT_MST', 'PURCHASE_PRICE_INCL_TAX', 'purchase_price_incl_tax', 'TEXT', 'trim(@)', FALSE, NULL),
(1, 30, 'PRODUCT_MST', 'PURCHASE_TAX_RATE', 'purchase_tax_rate', 'TEXT', 'trim(@)', FALSE, NULL),
(1, 42, 'PRODUCT_MST', 'DISPLAY_PRICE_EXCL_TAX', 'display_price_excl_tax', 'TEXT', 'trim(@)', FALSE, NULL),
(1, 43, 'PRODUCT_MST', 'DISPLAY_PRICE_INCL_TAX', 'display_price_incl_tax', 'TEXT', 'trim(@)', FALSE, NULL),
(1, 33, 'PRODUCT_MST', 'DISPLAY_TAX_RATE', 'display_tax_rate', 'TEXT', 'trim(@)', FALSE, NULL),
(1, 34, 'PRODUCT_MST', 'SALES_PRICE_EXCL_TAX', 'sales_price_excl_tax', 'TEXT', 'trim(@)', FALSE, NULL),
(1, 35, 'PRODUCT_MST', 'SALES_PRICE_INCL_TAX', 'sales_price_incl_tax', 'TEXT', 'trim(@)', FALSE, NULL),
(1, 36, 'PRODUCT_MST', 'SALES_TAX_RATE', 'sales_tax_rate', 'TEXT', 'trim(@)', FALSE, NULL),
(1, 35, 'PRODUCT_MST', 'PURCHASE_RANK', 'purchase_rank', 'TEXT', 'trim(@)', FALSE, NULL),
(1, 36, 'PRODUCT_MST', 'PURCHASE_RANK_NAME', 'purchase_rank_name', 'TEXT', 'trim(@)', FALSE, NULL),
(1, 37, 'PRODUCT_MST', 'SALES_RANK', 'sales_rank', 'TEXT', 'trim(@)', FALSE, NULL),
(1, 38, 'PRODUCT_MST', 'SALES_RANK_NAME', 'sales_rank_name', 'TEXT', 'trim(@)', FALSE, NULL),
(1, 41, 'PRODUCT_MST', 'SALES_CHANNEL_NM', 'sales_channel_nm', 'TEXT', 'trim(@)', FALSE, NULL),
(1, 42, 'PRODUCT_MST', 'SALES_CHANNEL_REGION', 'sales_channel_region', 'TEXT', 'trim(@)', FALSE, NULL),
(1, 43, 'PRODUCT_MST', 'SALES_CHANNEL_METHOD', 'sales_channel_method', 'TEXT', 'trim(@)', FALSE, NULL),
(1, 44, 'PRODUCT_MST', 'SALES_CHANNEL_TARGET', 'sales_channel_target', 'TEXT', 'trim(@)', FALSE, NULL),
(1, 45, 'PRODUCT_MST', 'PURCHASE_CHANNEL_NM', 'purchase_channel_nm', 'TEXT', 'trim(@)', FALSE, NULL),
(1, 46, 'PRODUCT_MST', 'PURCHASE_CHANNEL_REGION', 'purchase_channel_region', 'TEXT', 'trim(@)', FALSE, NULL),
(1, 47, 'PRODUCT_MST', 'PURCHASE_CHANNEL_METHOD', 'purchase_channel_method', 'TEXT', 'trim(@)', FALSE, NULL),
(1, 48, 'PRODUCT_MST', 'PURCHASE_CHANNEL_TARGET', 'purchase_channel_target', 'TEXT', 'trim(@)', FALSE, NULL),
(1, 49, 'PRODUCT_MST', 'STORE_ID', 'store_id', 'TEXT', 'trim(@)', FALSE, '店舗必須'),
(1, 50, 'PRODUCT_MST', 'STORE_NM', 'store_nm', 'TEXT', 'trim(@)', FALSE, '店舗必須'),
(1, 51, 'PRODUCT_MST', 'CONSIGNOR_GROUP_COMPANY_ID', 'consignor_group_company_id', 'TEXT', 'trim(@)', FALSE, NULL),
(1, 52, 'PRODUCT_MST', 'CONSIGNOR_PRODUCT_CD', 'consignor_product_cd', 'TEXT', 'trim(@)', FALSE, NULL),
(1, 53, 'EAV', 'SPECIAL_NOTES', 'NULL', 'TEXT', 'trim(@)', FALSE, NULL),
(1, 54, 'EAV', 'DEFECT_NOTES', 'NULL', 'TEXT', 'trim(@)', FALSE, NULL),
(1, 55, 'EAV', 'CATALOG_DESC', 'NULL', 'TEXT', 'trim(@)', FALSE, NULL),
(1, 12, 'EAV', 'PRODUCT_DESC', 'NULL', 'TEXT', 'trim(@)', FALSE, NULL),
(1, 13, 'EAV', 'PRODUCT_REMARKS', 'NULL', 'TEXT', 'trim(@)', FALSE, NULL),
(1, 57, 'EAV', 'REPAIR_HISTORY', 'NULL', 'TEXT', 'trim(@)', FALSE, NULL),
(1, 58, 'EAV', 'BUYER_STAFF', 'NULL', 'TEXT', 'trim(@)', FALSE, NULL),
(1, 59, 'EAV', 'SUPPLIER_CD', 'NULL', 'TEXT', 'trim(@)', FALSE, NULL),
(1, 60, 'EAV', 'SUPPLIER_TYPE', 'NULL', 'TEXT', 'trim(@)', FALSE, NULL),
(1, 61, 'EAV', 'SUPPLIER_STORE', 'NULL', 'TEXT', 'trim(@)', FALSE, NULL),
(1, 47, 'EAV', 'PURCHASE_DATE', 'NULL', 'TEXT', 'trim(@)', FALSE, NULL),
(1, 63, 'EAV', 'PROCESSING_FEE', 'NULL', 'TEXT', 'trim(@)', FALSE, NULL),
(1, 39, 'EAV', 'REFERENCE_PRICE', 'NULL', 'TEXT', 'trim(@)', FALSE, NULL),
(1, 40, 'EAV', 'REFERENCE_PRICE_UPDATED_AT', 'NULL', 'TEXT', 'trim(@)', FALSE, NULL),
(1, 15, 'EAV', 'SALES_START_DATE', 'NULL', 'TEXT', 'trim(@)', FALSE, NULL),
(1, 16, 'EAV', 'SALES_END_DATE', 'NULL', 'TEXT', 'trim(@)', FALSE, NULL),
(1, 28, 'EAV', 'GENDER', 'NULL', 'TEXT', 'trim(@)', FALSE, NULL),
(1, 69, 'EAV', 'PRODUCT_ALIAS', 'NULL', 'TEXT', 'trim(@)', FALSE, NULL),
(1, 12, 'EAV', 'PRODUCT_LINE', 'NULL', 'TEXT', 'trim(@)', FALSE, NULL),
(1, 8, 'EAV', 'MODEL_NO', 'NULL', 'TEXT', 'trim(@)', FALSE, NULL),
(1, 72, 'EAV', 'CASE_NO', 'NULL', 'TEXT', 'trim(@)', FALSE, NULL),
(1, 17, 'EAV', 'DIAL_COLOR', 'NULL', 'TEXT', 'trim(@)', FALSE, NULL),
(1, 17, 'EAV', 'MAIN_COLOR', 'NULL', 'TEXT', 'trim(@)', FALSE, NULL),
(1, 21, 'EAV', 'CASE_BAND_MATERIAL', 'NULL', 'TEXT', 'trim(@)', FALSE, NULL),
(1, 18, 'EAV', 'BAND_COLOR', 'NULL', 'TEXT', 'trim(@)', FALSE, NULL),
(1, 19, 'EAV', 'DIAL_PATTERN', 'NULL', 'TEXT', 'trim(@)', FALSE, NULL),
(1, 20, 'EAV', 'CASE_MATERIAL', 'NULL', 'TEXT', 'trim(@)', FALSE, NULL),
(1, 79, 'EAV', 'MODEL_YEAR', 'NULL', 'TEXT', 'trim(@)', FALSE, NULL),
(1, 22, 'EAV', 'SIZE_WRIST', 'NULL', 'TEXT', 'trim(@)', FALSE, NULL),
(1, 81, 'EAV', 'CASE_HEIGHT_ACTUAL', 'NULL', 'TEXT', 'trim(@)', FALSE, NULL),
(1, 26, 'EAV', 'MOVEMENT', 'NULL', 'TEXT', 'trim(@)', FALSE, NULL),
(1, 23, 'EAV', 'WEIGHT', 'NULL', 'TEXT', 'trim(@)', FALSE, NULL),
(1, 84, 'EAV', 'CASE_WIDTH_ACTUAL', 'NULL', 'TEXT', 'trim(@)', FALSE, NULL),
(1, 85, 'EAV', 'CASE_DEPTH_ACTUAL', 'NULL', 'TEXT', 'trim(@)', FALSE, NULL),
(1, 86, 'EAV', 'CASE_HEIGHT', 'NULL', 'TEXT', 'trim(@)', FALSE, NULL),
(1, 87, 'EAV', 'CASE_WIDTH', 'NULL', 'TEXT', 'trim(@)', FALSE, NULL),
(1, 88, 'EAV', 'CASE_DEPTH', 'NULL', 'TEXT', 'trim(@)', FALSE, NULL),
(1, 89, 'EAV', 'STANDARD_SIZE', 'NULL', 'TEXT', 'trim(@)', FALSE, NULL),
(1, 29, 'EAV', 'ACCESSORIES', 'NULL', 'TEXT', 'trim(@)', FALSE, NULL),
(1, 24, 'EAV', 'WATER_RESIST', 'NULL', 'TEXT', 'trim(@)', FALSE, NULL),
(1, 92, 'EAV', 'FUNCTIONS', 'NULL', 'TEXT', 'trim(@)', FALSE, NULL),
(1, 93, 'EAV', 'CASE_SHAPE', 'NULL', 'TEXT', 'trim(@)', FALSE, NULL),
(1, 30, 'EAV', 'WARRANTY_TYPE', 'NULL', 'TEXT', 'trim(@)', FALSE, NULL),
(1, 95, 'EAV', 'WARRANTY_DATE', 'NULL', 'TEXT', 'trim(@)', FALSE, NULL),
(1, 96, 'EAV', 'MADE_IN', 'NULL', 'TEXT', 'trim(@)', FALSE, NULL),
(1, 97, 'EAV', 'SERIAL_NO', 'NULL', 'TEXT', 'trim(@)', FALSE, NULL),
(1, 98, 'EAV', 'BODY_MATERIAL', 'NULL', 'TEXT', 'trim(@)', FALSE, NULL),
(1, 99, 'EAV', 'BODY_COLOR', 'NULL', 'TEXT', 'trim(@)', FALSE, NULL),
(1, 100, 'EAV', 'METAL_MATERIAL', 'NULL', 'TEXT', 'trim(@)', FALSE, NULL),
(1, 101, 'EAV', 'DATE_CODE', 'NULL', 'TEXT', 'trim(@)', FALSE, NULL),
(1, 102, 'EAV', 'BODY_PATTERN', 'NULL', 'TEXT', 'trim(@)', FALSE, NULL),
(1, 103, 'EAV', 'ENGRAVING', 'NULL', 'TEXT', 'trim(@)', FALSE, NULL),
(1, 104, 'EAV', 'WIDTH', 'NULL', 'TEXT', 'trim(@)', FALSE, NULL),
(1, 105, 'EAV', 'DEPTH', 'NULL', 'TEXT', 'trim(@)', FALSE, NULL),
(1, 106, 'EAV', 'HEIGHT', 'NULL', 'TEXT', 'trim(@)', FALSE, NULL),
(1, 107, 'EAV', 'WIDTH_ACTUAL', 'NULL', 'TEXT', 'trim(@)', FALSE, NULL),
(1, 108, 'EAV', 'DEPTH_ACTUAL', 'NULL', 'TEXT', 'trim(@)', FALSE, NULL),
(1, 109, 'EAV', 'HEIGHT_ACTUAL', 'NULL', 'TEXT', 'trim(@)', FALSE, NULL),
(1, 110, 'EAV', 'CARD_SLOT_COUNT', 'NULL', 'TEXT', 'trim(@)', FALSE, NULL),
(1, 111, 'EAV', 'POCKET_IN_COUNT', 'NULL', 'TEXT', 'trim(@)', FALSE, NULL),
(1, 112, 'EAV', 'POCKET_OUT_COUNT', 'NULL', 'TEXT', 'trim(@)', FALSE, NULL),
(1, 113, 'EAV', 'SERIAL_POSITION', 'NULL', 'TEXT', 'trim(@)', FALSE, NULL),
(1, 114, 'EAV', 'COLLAB_BRAND', 'NULL', 'TEXT', 'trim(@)', FALSE, NULL),
(1, 115, 'EAV', 'DESIGN_PERIOD', 'NULL', 'TEXT', 'trim(@)', FALSE, NULL),
(1, 116, 'EAV', 'SEASON', 'NULL', 'TEXT', 'trim(@)', FALSE, NULL),
(1, 117, 'EAV', 'PATTERN', 'NULL', 'TEXT', 'trim(@)', FALSE, NULL),
(1, 118, 'EAV', 'MATERIAL', 'NULL', 'TEXT', 'trim(@)', FALSE, NULL),
(1, 119, 'EAV', 'SIZE_ACTUAL', 'NULL', 'TEXT', 'trim(@)', FALSE, NULL),
(1, 120, 'EAV', 'SIZE_NOTE', 'NULL', 'TEXT', 'trim(@)', FALSE, NULL),
(1, 121, 'EAV', 'BODY_WIDTH', 'NULL', 'TEXT', 'trim(@)', FALSE, NULL),
(1, 122, 'EAV', 'BODY_LENGTH', 'NULL', 'TEXT', 'trim(@)', FALSE, NULL),
(1, 123, 'EAV', 'SLEEVE_LENGTH', 'NULL', 'TEXT', 'trim(@)', FALSE, NULL),
(1, 124, 'EAV', 'SHOULDER_WIDTH', 'NULL', 'TEXT', 'trim(@)', FALSE, NULL),
(1, 125, 'EAV', 'TOTAL_LENGTH', 'NULL', 'TEXT', 'trim(@)', FALSE, NULL),
(1, 126, 'EAV', 'WAIST', 'NULL', 'TEXT', 'trim(@)', FALSE, NULL),
(1, 127, 'EAV', 'INSEAM', 'NULL', 'TEXT', 'trim(@)', FALSE, NULL),
(1, 128, 'EAV', 'HEEL_HEIGHT', 'NULL', 'TEXT', 'trim(@)', FALSE, NULL),
(1, 129, 'EAV', 'HEIGHT2', 'NULL', 'TEXT', 'trim(@)', FALSE, NULL),
(1, 130, 'EAV', 'LENGTH', 'NULL', 'TEXT', 'trim(@)', FALSE, NULL),
(1, 131, 'EAV', 'METAL_PURITY', 'NULL', 'TEXT', 'trim(@)', FALSE, NULL),
(1, 132, 'EAV', 'GEM_MAIN_MATERIAL', 'NULL', 'TEXT', 'trim(@)', FALSE, NULL),
(1, 133, 'EAV', 'GEM_SIDE_MATERIAL', 'NULL', 'TEXT', 'trim(@)', FALSE, NULL),
(1, 134, 'EAV', 'RING_SIZE_JP', 'NULL', 'TEXT', 'trim(@)', FALSE, NULL),
(1, 135, 'EAV', 'RING_SIZE_US', 'NULL', 'TEXT', 'trim(@)', FALSE, NULL),
(1, 136, 'EAV', 'ORIGIN', 'NULL', 'TEXT', 'trim(@)', FALSE, NULL),
(1, 137, 'EAV', 'DIAMOND_COLOR', 'NULL', 'TEXT', 'trim(@)', FALSE, NULL),
(1, 138, 'EAV', 'GEM_COLOR', 'NULL', 'TEXT', 'trim(@)', FALSE, NULL),
(1, 139, 'EAV', 'DIAMOND_CUT', 'NULL', 'TEXT', 'trim(@)', FALSE, NULL),
(1, 140, 'EAV', 'CARAT_MAIN', 'NULL', 'TEXT', 'trim(@)', FALSE, NULL),
(1, 141, 'EAV', 'CARAT_SIDE', 'NULL', 'TEXT', 'trim(@)', FALSE, NULL),
(1, 142, 'EAV', 'FLUORESCENCE', 'NULL', 'TEXT', 'trim(@)', FALSE, NULL),
(1, 143, 'EAV', 'ERA', 'NULL', 'TEXT', 'trim(@)', FALSE, NULL),
(1, 144, 'EAV', 'CERT_AGENCY', 'NULL', 'TEXT', 'trim(@)', FALSE, NULL),
(1, 145, 'EAV', 'GEM_TREATMENT', 'NULL', 'TEXT', 'trim(@)', FALSE, NULL),
(1, 146, 'EAV', 'CERTIFICATE', 'NULL', 'TEXT', 'trim(@)', FALSE, NULL),
(1, 147, 'EAV', 'DIAMOND_CLARITY', 'NULL', 'TEXT', 'trim(@)', FALSE, NULL),
(1, 148, 'EAV', 'GEM_MAIN_DIAMETER', 'NULL', 'TEXT', 'trim(@)', FALSE, NULL),
(1, 149, 'EAV', 'MOTIF', 'NULL', 'TEXT', 'trim(@)', FALSE, NULL),
(1, 150, 'EAV', 'VINTAGE_FLAG', 'NULL', 'TEXT', 'trim(@)', FALSE, NULL);

--20251016 クレンジング用追加
INSERT INTO m_cleanse_rule_set (rule_set_id, rule_version, description, released_at, cre_by, is_active) VALUES 
(0, 'v2025.09.16', '初版', '2025-09-11', 'y.nakahira', FALSE),
(1, 'v2025.10.16', 'テスト版', '2025-10-11', 'y.nakahira', TRUE);

INSERT INTO m_attr_cleanse_policy (
    policy_id, rule_set_id, attr_cd, data_type, ref_map_id, g_list_group_cd,
     gp_scope, brand_scope, step_no, matcher_kind, derive_from_attr_cds, 
     split_mode, stop_on_hit, threshold, import_remarks, is_active
) VALUES 
(1, 1, 'GP_CD', 'REF', 1, NULL, 'KM', NULL, 1, 'ID_EXACT', '{}', NULL, TRUE, 0, 'm_companyを参照してGP会社を正規化', TRUE),
(2, 1, 'PRODUCT_CD', 'TEXT', NULL, NULL, 'KM', NULL, 1, 'NORMALIZE_EQ', '{}', NULL, TRUE, 0, 'trim/全半角/upper/禁止文字除去/長さ検証', TRUE),
(3, 1, 'PRODUCT_MANAGEMENT_CD', 'TEXT', NULL, NULL, 'KM', NULL, 1, 'NORMALIZE_EQ', '{}', NULL, TRUE, 0, 'trim/全半角/upper/禁止文字除去/長さ検証', TRUE),
(4, 1, 'BRAND', 'REF', 2, NULL, 'KM', NULL, 1, 'ID_EXACT', '{}', NULL, TRUE, 0, NULL, TRUE),
(5, 1, 'CATEGORY_1', 'REF', 3, NULL, 'KM', NULL, 1, 'ID_EXACT', '{}', NULL, TRUE, 0, NULL, TRUE),
(6, 1, 'CATEGORY_2', 'REF', 4, NULL, 'KM', NULL, 1, 'ID_EXACT', '{}', NULL, TRUE, 0, NULL, TRUE),
(7, 1, 'CATEGORY_3', 'REF', 5, NULL, 'KM', NULL, 1, 'ID_EXACT', '{}', NULL, TRUE, 0, NULL, TRUE),
(8, 1, 'CATEGORY_LEAF', 'REF', NULL, NULL, 'KM', NULL, 1, 'DERIVE_COALESCE', '{''CATEGORY_3'',''CATEGORY_2'',''CATEGORY_1''}', NULL, TRUE, 0, '一番先のカテゴリを生成', TRUE),
(9, 1, 'PRODUCT_STATUS', 'LIST', 6, 'PRODUCT_STATUS', 'KM', NULL, 1, 'LABEL_EXACT', '{}', NULL, TRUE, 0, NULL, TRUE),
(10, 1, 'NEW_USED_KBN', 'LIST', 7, 'NEW_USED_KBN', 'KM', NULL, 1, 'ID_EXACT', '{}', NULL, TRUE, 0, NULL, TRUE),
(11, 1, 'STOCK_EXISTENCE', 'LIST', 8, 'STOCK_EXISTENCE', 'KM', NULL, 1, 'ID_EXACT', '{}', NULL, TRUE, 0, NULL, TRUE),
(12, 1, 'SALE_STATUS', 'LIST', 9, 'SALE_STATUS', 'KM', NULL, 1, 'ID_EXACT', '{}', NULL, TRUE, 0, NULL, TRUE),
(13, 1, 'TRANSFER_STATUS', 'LIST', 10, 'TRANSFER_STATUS', 'KM', NULL, 1, 'ID_EXACT', '{}', NULL, TRUE, 0, NULL, TRUE),
(14, 1, 'REPAIR_STATUS', 'LIST', 11, 'REPAIR_STATUS', 'KM', NULL, 1, 'ID_EXACT', '{}', NULL, TRUE, 0, NULL, TRUE),
(15, 1, 'RESERVATION_STATUS', 'LIST', 12, 'RESERVATION_STATUS', 'KM', NULL, 1, 'ID_EXACT', '{}', NULL, TRUE, 0, NULL, TRUE),
(16, 1, 'CONSIGNMENT_STATUS', 'LIST', 13, 'CONSIGNMENT_STATUS', 'KM', NULL, 1, 'ID_EXACT', '{}', NULL, TRUE, 0, NULL, TRUE),
(17, 1, 'ACCEPT_STATUS', 'LIST', 14, 'ACCEPT_STATUS', 'KM', NULL, 1, 'ID_EXACT', '{}', NULL, TRUE, 0, NULL, TRUE),
(18, 1, 'EC_LISTING_STATUS', 'LIST', 15, 'EC_LISTING_STATUS', 'KM', NULL, 1, 'ID_EXACT', '{}', NULL, TRUE, 0, NULL, TRUE),
(19, 1, 'CURRENCY_CD', 'LIST', 16, 'CURRENCY_CD', 'KM', NULL, 1, 'DERIVE_FROM_GP', '{}', NULL, TRUE, 0, 'GP_CDからm_company.default_currency_cdを派生して通貨を決定', TRUE),
(26, 1, 'DISPLAY_PRICE_EXCL_TAX', 'NUM', NULL, NULL, 'KM', NULL, 1, 'NORMALIZE_NUM', '{}', NULL, TRUE, 0, '¥, \, ,, 全角数字→半角、小数点統一、前後空白トリム', TRUE),				
(27, 1, 'DISPLAY_PRICE_INCL_TAX', 'NUM', NULL, NULL, 'KM', NULL, 1, 'NORMALIZE_NUM', '{}', NULL, TRUE, 0, '¥, \, ,, 全角数字→半角、小数点統一、前後空白トリム', TRUE),				
(31, 1, 'DISPLAY_TAX_RATE', 'NUM', NULL, NULL, 'KM', NULL, 1, 'NORMALIZE_NUM', '{}', NULL, TRUE, 0, '¥, \, ,, 全角数字→半角、小数点統一、前後空白トリム', TRUE),				
(32, 1, 'PURCHASE_RANK', 'LIST', 17, 'PURCHASE_RANK', 'KM', NULL, 1, 'ID_EXACT', '{}', NULL, TRUE, 0, NULL, TRUE),				
(41, 1, 'SALES_RANK', 'LIST', 18, 'SALES_RANK', 'KM', NULL, 1, 'ID_EXACT', '{}', NULL, TRUE, 0, NULL, TRUE);

INSERT INTO m_attr_definition (
    attr_id, attr_cd, attr_nm, attr_sort_no, g_category_cd, data_type, 
    g_list_group_cd, select_type, is_golden_attr, cleanse_phase, 
    required_context_keys, target_table, target_column, product_unit_cd, 
    credit_active_flag, usage, table_type_cd, attr_remarks, 
    is_golden_product, is_golden_attr_eav, is_active
) VALUES 
(1, 'GP_CD', 'GP会社コード', 1, NULL, 'REF', NULL, 'SINGLE', TRUE, 10, '{}', 'm_product', 'group_company_id', NULL, FALSE, NULL, 'MST', '最終はm_product.group_company_idへ昇格（CLではEAV1行作成）', TRUE, TRUE, TRUE),
(2, 'PRODUCT_CD', '商品コード', 2, NULL, 'TEXT', NULL, 'SINGLE', TRUE, 20, '{}', 'm_product', 'product_cd', NULL, FALSE, NULL, 'MST', '先頭ゼロ保持・大文字化・空白除去等の正規化を行いMSTへ昇格', TRUE, TRUE, TRUE),
(3, 'PRODUCT_MANAGEMENT_CD', '製品コード', 3, NULL, 'TEXT', NULL, 'SINGLE', TRUE, 20, '{}', 'm_product', 'product_management_cd', NULL, FALSE, NULL, 'MST', NULL, TRUE, TRUE, TRUE),
(4, 'BRAND_ID', 'ブランドID', 4, NULL, 'TEXT', NULL, 'SINGLE', TRUE, 1, '{}', NULL, NULL, NULL, FALSE, NULL, 'MST', NULL, FALSE, FALSE, FALSE),
(5, 'BRAND_NM', 'ブランド名', 5, NULL, 'TEXT', NULL, 'SINGLE', TRUE, 1, '{}', NULL, NULL, NULL, FALSE, NULL, 'MST', NULL, FALSE, FALSE, FALSE),
(6, 'BRAND', 'ブランド', 6, NULL, 'REF', NULL, 'SINGLE', TRUE, 30, '{}', 'm_product', 'g_brand_id', NULL, FALSE, NULL, 'MST', NULL, TRUE, TRUE, TRUE),
(7, 'CATEGORY_1_ID', 'カテゴリ１ID', 7, NULL, 'TEXT', NULL, 'SINGLE', TRUE, 1, '{}', NULL, NULL, NULL, FALSE, NULL, 'MST', NULL, FALSE, FALSE, FALSE),
(8, 'CATEGORY_1_NM', 'カテゴリ１名', 8, NULL, 'TEXT', NULL, 'SINGLE', TRUE, 1, '{}', NULL, NULL, NULL, FALSE, NULL, 'MST', NULL, FALSE, FALSE, FALSE),
(9, 'CATEGORY_1', 'カテゴリ１', 9, NULL, 'REF', NULL, 'SINGLE', TRUE, 30, '{}', NULL, NULL, NULL, FALSE, NULL, 'MST', NULL, FALSE, TRUE, TRUE),
(10, 'CATEGORY_2', 'カテゴリ２', 10, NULL, 'REF', NULL, 'SINGLE', TRUE, 30, '{}', NULL, NULL, NULL, FALSE, NULL, 'MST', NULL, FALSE, TRUE, TRUE),
(11, 'CATEGORY_3', 'カテゴリ３', 11, NULL, 'REF', NULL, 'SINGLE', TRUE, 30, '{}', NULL, NULL, NULL, FALSE, NULL, 'MST', NULL, FALSE, TRUE, TRUE),
(12, 'CATEGORY_LEAF', 'カテゴリ（葉）', 12, NULL, 'REF', NULL, 'SINGLE', TRUE, 70, '{"CATEGORY_1","CATEGORY_2","CATEGORY_3"}', 'm_product', 'g_category_id', NULL, FALSE, NULL, 'MST', NULL, TRUE, TRUE, TRUE),
(13, 'PRODUCT_STATUS', '商品状態', 13, NULL, 'LIST', 'PRODUCT_STATUS', 'SINGLE', TRUE, 40, '{}', 'm_product', 'product_status_cd', NULL, FALSE, NULL, 'MST', NULL, TRUE, TRUE, TRUE),
(14, 'NEW_USED_KBN', '新品区分', 14, NULL, 'LIST', 'NEW_USED_KBN', 'SINGLE', TRUE, 40, '{}', 'm_product', 'new_used_kbn_cd', NULL, FALSE, NULL, 'MST', NULL, TRUE, TRUE, TRUE),
(15, 'STOCK_EXISTENCE', '在庫区分', 15, NULL, 'LIST', 'STOCK_EXISTENCE', 'SINGLE', TRUE, 40, '{}', 'm_product', 'stock_existence_cd', NULL, FALSE, NULL, 'MST', NULL, TRUE, TRUE, TRUE),
(16, 'SALE_STATUS', '販売状態', 16, NULL, 'LIST', 'SALE_STATUS', 'SINGLE', TRUE, 40, '{}', 'm_product', 'sale_status_cd', NULL, FALSE, NULL, 'MST', NULL, FALSE, TRUE, TRUE),
(17, 'TRANSFER_STATUS', '移動状態', 17, NULL, 'LIST', 'TRANSFER_STATUS', 'SINGLE', TRUE, 40, '{}', NULL, NULL, NULL, FALSE, NULL, 'MST', NULL, FALSE, TRUE, TRUE),
(18, 'REPAIR_STATUS', '修理状態', 18, NULL, 'LIST', 'REPAIR_STATUS', 'SINGLE', TRUE, 40, '{}', NULL, NULL, NULL, FALSE, NULL, 'MST', NULL, FALSE, TRUE, TRUE),
(19, 'RESERVATION_STATUS', '予約状態', 19, NULL, 'LIST', 'RESERVATION_STATUS', 'SINGLE', TRUE, 40, '{}', NULL, NULL, NULL, FALSE, NULL, 'MST', NULL, FALSE, TRUE, TRUE),
(20, 'CONSIGNMENT_STATUS', '委託状態', 20, NULL, 'LIST', 'CONSIGNMENT_STATUS', 'SINGLE', TRUE, 40, '{}', NULL, NULL, NULL, FALSE, NULL, 'MST', NULL, FALSE, TRUE, TRUE),
(21, 'ACCEPT_STATUS', '受託状態', 21, NULL, 'LIST', 'ACCEPT_STATUS', 'SINGLE', TRUE, 40, '{}', NULL, NULL, NULL, FALSE, NULL, 'MST', NULL, FALSE, TRUE, TRUE),
(22, 'EC_LISTING_STATUS', 'EC掲載状態', 22, NULL, 'LIST', 'EC_LISTING_STATUS', 'SINGLE', TRUE, 40, '{}', NULL, NULL, NULL, FALSE, NULL, 'MST', NULL, FALSE, TRUE, TRUE),
(23, 'CURRENCY_CD', '通貨コード', 23, NULL, 'LIST', 'CURRENCY_CD', 'SINGLE', TRUE, 30, '{''GP_CD''}', 'm_product', 'currency_cd', NULL, FALSE, NULL, 'MST', NULL, TRUE, TRUE, TRUE),
(29, 'DISPLAY_PRICE_EXCL_TAX', '表示価格(税抜き)', 24, NULL, 'NUM', NULL, 'SINGLE', TRUE, 50, '{}', NULL, NULL, '\', TRUE, NULL, 'MST', NULL, FALSE, TRUE, TRUE),
(30, 'DISPLAY_PRICE_INCL_TAX', '表示価格(税込み)', 25, NULL, 'NUM', NULL, 'SINGLE', TRUE, 50, '{}', 'm_product', 'display_price_incl_tax', '\', TRUE, NULL, 'MST', NULL, TRUE, TRUE, TRUE),
(31, 'DISPLAY_TAX_RATE', '表示税率', 26, NULL, 'NUM', NULL, 'SINGLE', TRUE, 50, '{}', NULL, NULL, '%', TRUE, NULL, 'MST', NULL, FALSE, TRUE, TRUE),
(32, 'PURCHASE_RANK', '仕入ランク', 27, NULL, 'LIST', 'PURCHASE_RANK', 'SINGLE', TRUE, 40, '{}', NULL, NULL, NULL, TRUE, NULL, 'MST', NULL, FALSE, TRUE, TRUE),
(33, 'SALES_RANK', '販売ランク', 28, NULL, 'LIST', 'SALES_RANK', 'SINGLE', TRUE, 40, '{}', NULL, NULL, NULL, TRUE, NULL, 'MST', NULL, FALSE, TRUE, TRUE);

-- 检查到了这里
INSERT INTO m_ref_table_map (
    ref_map_id, attr_cd, data_source, hop1_table, hop1_match_by, hop1_id_col, 
    hop1_label_col, hop1_return_cols, hop2_table, hop2_join_on_json, hop2_return_cd_col, 
    hop2_return_label_col, is_active, ref_table_remarks
) VALUES 
(1, 'GP_CD', 'MASTER', 'm_company', 'ID', 'group_company_cd', NULL, '{}', NULL, NULL, NULL, NULL, TRUE, NULL),
(2, 'BRAND', 'MASTER', 'brand_source_map', 'ID', 'source_brand_id', NULL, '{"g_brand_id"} ', 'm_brand_g', '{"g_brand_id":"g_brand_id"}', 'g_brand_cd', 'g_brand_nm', TRUE, NULL),
(3, 'CATEGORY_1', 'MASTER', 'category_source_map', 'ID', 'source_category_1_id', NULL, '{"g_category_id"}', 'm_category_g', '{"g_category_id":"g_category_id"}', 'g_category_cd', 'g_category_nm', TRUE, NULL),
(4, 'CATEGORY_2', 'MASTER', 'category_source_map', 'ID', 'source_category_2_id', NULL, '{"g_category_id"}', 'm_category_g', '{"g_category_id":"g_category_id"}', 'g_category_cd', 'g_category_nm', TRUE, NULL),
(5, 'CATEGORY_3', 'MASTER', 'category_source_map', 'ID', 'source_category_3_id', NULL, '{"g_category_id"}', 'm_category_g', '{"g_category_id":"g_category_id"}', 'g_category_cd', 'g_category_nm', TRUE, NULL),
(6, 'PRODUCT_STATUS', 'MASTER', 'attr_source_map', 'AUTO', 'source_attr_id', 'source_attr_nm', '{"g_list_item_id"}', 'm_list_item_g', '{"g_list_item_id":"g_list_item_id"}', 'g_item_cd', 'g_item_label', TRUE, NULL),
(7, 'NEW_USED_KBN', 'MASTER', 'attr_source_map', 'AUTO', 'source_attr_id', 'source_attr_nm', '{"g_list_item_id"}', 'm_list_item_g', '{"g_list_item_id":"g_list_item_id"}', 'g_item_cd', 'g_item_label', TRUE, NULL),
(8, 'STOCK_EXISTENCE', 'MASTER', 'attr_source_map', 'AUTO', 'source_attr_id', 'source_attr_nm', '{"g_list_item_id"}', 'm_list_item_g', '{"g_list_item_id":"g_list_item_id"}', 'g_item_cd', 'g_item_label', TRUE, NULL),
(9, 'SALE_STATUS', 'MASTER', 'attr_source_map', 'AUTO', 'source_attr_id', 'source_attr_nm', '{"g_list_item_id"}', 'm_list_item_g', '{"g_list_item_id":"g_list_item_id"}', 'g_item_cd', 'g_item_label', TRUE, NULL),
(10, 'TRANSFER_STATUS', 'MASTER', 'attr_source_map', 'AUTO', 'source_attr_id', 'source_attr_nm', '{"g_list_item_id"}', 'm_list_item_g', '{"g_list_item_id":"g_list_item_id"}', 'g_item_cd', 'g_item_label', TRUE, NULL),
(11, 'REPAIR_STATUS', 'MASTER', 'attr_source_map', 'AUTO', 'source_attr_id', 'source_attr_nm', '{"g_list_item_id"}', 'm_list_item_g', '{"g_list_item_id":"g_list_item_id"}', 'g_item_cd', 'g_item_label', TRUE, NULL),
(13, 'CONSIGNMENT_STATUS', 'MASTER', 'attr_source_map', 'AUTO', 'source_attr_id', 'source_attr_nm', '{"g_list_item_id"}', 'm_list_item_g', '{"g_list_item_id":"g_list_item_id"}', 'g_item_cd', 'g_item_label', TRUE, NULL),
(12, 'RESERVATION_STATUS', 'MASTER', 'attr_source_map', 'AUTO', 'source_attr_id', 'source_attr_nm', '{"g_list_item_id"}', 'm_list_item_g', '{"g_list_item_id":"g_list_item_id"}', 'g_item_cd', 'g_item_label', TRUE, NULL),
(14, 'ACCEPT_STATUS', 'MASTER', 'attr_source_map', 'AUTO', 'source_attr_id', 'source_attr_nm', '{"g_list_item_id"}', 'm_list_item_g', '{"g_list_item_id":"g_list_item_id"}', 'g_item_cd', 'g_item_label', TRUE, NULL),
(15, 'EC_LISTING_STATUS', 'MASTER', 'attr_source_map', 'AUTO', 'source_attr_id', 'source_attr_nm', '{"g_list_item_id"}', 'm_list_item_g', '{"g_list_item_id":"g_list_item_id"}', 'g_item_cd', 'g_item_label', TRUE, NULL),
(16, 'CURRENCY_CD', 'MASTER', 'm_company', 'AUTO', 'group_company_cd', NULL, '{"default_currency_cd"}', 'm_list_item_g', '{"default_currency_cd":"g_item_cd", "g_list_group_cd":"CURRENCY_CD"}', 'g_item_cd', 'g_item_label', TRUE, 'GPの既定通貨→通貨マスタへマッピング'),
(17, 'PURCHASE_RANK', 'MASTER', 'attr_source_map', 'AUTO', 'source_attr_id', 'source_attr_nm', '{"g_list_item_id"}', 'm_list_item_g', '{"g_list_item_id":"g_list_item_id"}', 'g_item_cd', 'g_item_label', TRUE, NULL),
(18, 'SALES_RANK', 'MASTER', 'attr_source_map', 'AUTO', 'source_attr_id', 'source_attr_nm', '{"g_list_item_id"}', 'm_list_item_g', '{"g_list_item_id":"g_list_item_id"}', 'g_item_cd', 'g_item_label', TRUE, NULL);

INSERT INTO m_brand_g (
    g_brand_id, g_brand_cd, g_brand_nm, is_active
) VALUES 
(1, 'ROLEX', 'ロレックス', TRUE);

INSERT INTO brand_source_map (
    map_id, group_company_cd, source_brand_id, source_brand_nm, 
    source_brand_nm_n, g_brand_id, is_active, source_map_remarks
) VALUES 
(1, 'KM', 4952, 'ROLEX', 'ROLEX', 1, TRUE, NULL);
