-- m_category_g(parent first)
INSERT INTO m_category_g (
    g_category_id,
    g_category_cd, 
    g_category_id_parent, 
    g_category_nm, 
    hierarchy_level, 
    g_category_sort_no) 
VALUES 
(1, 'BAG', NULL, 'バッグ', 1, NULL),
(2, 'BAG_TOTE', 1, 'トートバッグ', 2, NULL),
(3, 'BAG_SHOULDER', 1, 'ショルダーバッグ', 2, NULL),
(4, 'BAG_BODY', 1, 'ウエスト・ボディバッグ', 2, NULL),
(5, 'BAG_BUSINESS', 1, 'ビジネスバッグ・ブリーフケース', 2, NULL),
(6, 'BAG_HAND', 1, 'ハンドバッグ', 2, NULL),
(7, 'BAG_BACKPACK', 1, 'バックパック・リュック', 2, NULL),
(8, 'BAG_BOSTON', 1, 'ボストンバッグ', 2, NULL),
(9, 'BAG_OTHER', 1, 'その他（クラッチ、セカンドなど）', 2, NULL),
(10, 'WALLET', NULL, '財布・小物', 1, NULL),
(11, 'WALLET_LONG', 10, '長財布', 2, NULL),
(12, 'WALLET_FOLD', 10, '折財布', 2, NULL),
(13, 'WALLET_BILLFOLD', 10, '札入れ', 2, NULL),
(14, 'WALLET_COIN', 10, 'コインケース', 2, NULL),
(15, 'WALLET_CARD', 10, 'カードケース', 2, NULL),
(16, 'WALLET_KEYHOLDER_CHARM', 10, 'キーホルダー・チャーム', 2, NULL),
(17, 'WALLET_POUCH', 10, 'ポーチ', 2, NULL),
(18, 'WALLET_SCARF', 10, 'スカーフ', 2, NULL),
(19, 'WALLET_SUNGLASSES', 10, 'サングラス', 2, NULL),
(20, 'WALLET_OTHER', 10, 'その他（ストラップ、各種ケースなど）', 2, NULL),
(21, 'BRAND_JEWELRY', NULL, 'ブランドジュエリー', 1, NULL),
(22, 'BRAND_JEWELRY_RING', 21, 'リング', 2, NULL),
(23, 'BRAND_JEWELRY_NECKLACE', 21, 'ネックレス', 2, NULL),
(24, 'BRAND_JEWELRY_EARRINGS', 21, 'ピアス・イアリング', 2, NULL),
(25, 'BRAND_JEWELRY_BRACELET', 21, 'ブレスレット・バングル', 2, NULL),
(26, 'BRAND_JEWELRY_PENDANT_TOP', 21, 'ペンダントトップ', 2, NULL),
(27, 'BRAND_JEWELRY_BROOCH', 21, 'ブローチ', 2, NULL),
(28, 'BRAND_JEWELRY_OTHER', 21, 'その他（アンクレット、帯留めなど）', 2, NULL),
(29, 'JEWELRY', NULL, 'ジュエリー', 1, NULL),
(30, 'JEWELRY_RING', 29, 'リング', 2, NULL),
(31, 'JEWELRY_NECKLACE', 29, 'ネックレス', 2, NULL),
(32, 'JEWELRY_EARRINGS', 29, 'ピアス・イアリング', 2, NULL),
(33, 'JEWELRY_BRACELET', 29, 'ブレスレット・バングル', 2, NULL),
(34, 'JEWELRY_KIHEI', 29, '喜平', 2, NULL),
(35, 'JEWELRY_PENDANT_TOP', 29, 'ペンダントトップ', 2, NULL),
(36, 'JEWELRY_BROOCH', 29, 'ブローチ', 2, NULL),
(37, 'JEWELRY_OTHER', 29, 'その他（アンクレット、帯留めなど）', 2, NULL),
(38, 'FASHION', NULL, 'ファッション', 1, NULL),
(39, 'FASHION_TOPS', 38, 'トップス', 2, NULL),
(40, 'FASHION_TOPS_TSHIRT', 39, 'Ｔシャツ', 3, NULL),
(41, 'FASHION_TOPS_SHIRT', 39, 'シャツ', 3, NULL),
(42, 'FASHION_TOPS_POLO', 39, 'ポロシャツ', 3, NULL),
(43, 'FASHION_TOPS_KNIT', 39, 'ニット', 3, NULL),
(44, 'FASHION_TOPS_VEST', 39, 'ベスト', 3, NULL),
(45, 'FASHION_TOPS_PARKA', 39, 'パーカー', 3, NULL),
(46, 'FASHION_TOPS_SWEAT', 39, 'スウェット', 3, NULL),
(47, 'FASHION_TOPS_CARDIGAN', 39, 'カーディガン', 3, NULL),
(48, 'FASHION_TOPS_TANK', 39, 'タンクトップ', 3, NULL),
(49, 'FASHION_TOPS_ENSEMBLE', 39, 'アンサンブル', 3, NULL),
(50, 'FASHION_TOPS_OTHER', 39, 'その他', 3, NULL),
(51, 'FASHION_OUTER', 38, 'アウター・ジャケット', 2, NULL),
(52, 'FASHION_OUTER_JACKET', 51, 'ジャケット', 3, NULL),
(53, 'FASHION_OUTER_TAILORED', 51, 'テーラードジャケット', 3, NULL),
(54, 'FASHION_OUTER_NO_COLLAR', 51, 'ノーカラージャケット', 3, NULL),
(55, 'FASHION_OUTER_DENIM', 51, 'デニムジャケット', 3, NULL),
(56, 'FASHION_OUTER_BLOUSON', 51, 'ブルゾン', 3, NULL),
(57, 'FASHION_OUTER_RIDERS', 51, 'ライダースジャケット', 3, NULL),
(58, 'FASHION_OUTER_STADIUM', 51, 'スタジャン', 3, NULL),
(59, 'FASHION_OUTER_SUKAJAN', 51, 'スカジャン', 3, NULL),
(60, 'FASHION_OUTER_DOWN_VEST', 51, 'ダウンベスト', 3, NULL),
(61, 'FASHION_OUTER_COAT', 51, 'コート', 3, NULL),
(62, 'FASHION_OUTER_DOWN_COAT', 51, 'ダウンジャケット・コート', 3, NULL),
(63, 'FASHION_OUTER_TRENCH', 51, 'トレンチコート', 3, NULL),
(64, 'FASHION_OUTER_LEATHER', 51, 'レザージャケット・コート', 3, NULL),
(65, 'FASHION_OUTER_MOUTON', 51, 'ムートンジャケット・コート', 3, NULL),
(66, 'FASHION_OUTER_DUFFLE', 51, 'ダッフルコート', 3, NULL),
(67, 'FASHION_OUTER_PEA', 51, 'ピーコート', 3, NULL),
(68, 'FASHION_OUTER_CHESTER', 51, 'チェスターコート', 3, NULL),
(69, 'FASHION_OUTER_OTHER', 51, 'その他', 3, NULL),
(70, 'FASHION_DRESS', 38, 'ワンピース', 2, NULL),
(71, 'FASHION_ALLINONE', 38, 'オールインワン', 2, NULL),
(72, 'FASHION_BOTTOMS', 38, 'ボトムス', 2, NULL),
(73, 'FASHION_BOTTOMS_PANTS', 72, 'パンツ', 3, NULL),
(74, 'FASHION_BOTTOMS_JEANS', 72, 'ジーンズ', 3, NULL),
(75, 'FASHION_BOTTOMS_SHORTS', 72, 'ショートパンツ', 3, NULL),
(76, 'FASHION_BOTTOMS_OTHER', 72, 'その他', 3, NULL),
(77, 'FASHION_SHOES', 38, 'シューズ', 2, NULL),
(78, 'FASHION_SHOES_SNEAKERS', 77, 'スニーカー', 3, NULL),
(79, 'FASHION_SHOES_DRESS', 77, 'ドレスシューズ', 3, NULL),
(80, 'FASHION_SHOES_SANDALS', 77, 'サンダル', 3, NULL),
(81, 'FASHION_SHOES_BOOTS', 77, 'ブーツ', 3, NULL),
(82, 'FASHION_SHOES_OTHER', 77, 'その他', 3, NULL),
(83, 'FASHION_SUIT', 38, 'スーツ', 2, NULL),
(84, 'FASHION_SUIT_SUIT', 83, 'スーツ', 3, NULL),
(85, 'FASHION_SUIT_OTHER', 83, 'その他', 3, NULL),
(86, 'FASHION_ACCESSORY', 38, 'アクセサリー', 2, NULL),
(87, 'FASHION_ACCESSORY_RING', 86, 'リング', 3, NULL),
(88, 'FASHION_ACCESSORY_NECKLACE', 86, 'ネックレス', 3, NULL),
(89, 'FASHION_ACCESSORY_BRACELET', 86, 'ブレスレット', 3, NULL),
(90, 'FASHION_ACCESSORY_OTHER', 86, 'その他', 3, NULL),
(91, 'FASHION_BAG', 38, 'バッグ', 2, NULL),
(92, 'FASHION_WALLET', 38, '財布', 2, NULL),
(93, 'FASHION_WALLET_GENERAL', 92, '財布', 3, NULL),
(94, 'FASHION_WALLET_BILL_COIN', 92, '札入れ/コインケース', 3, NULL),
(95, 'FASHION_SMALL_GOODS', 38, '小物', 2, NULL),
(96, 'FASHION_SMALL_GOODS_CARD_PASS', 95, 'カードケース・パスケース', 3, NULL),
(97, 'FASHION_SMALL_GOODS_KEY', 95, 'キーケース・キーホルダー', 3, NULL),
(98, 'FASHION_SMALL_GOODS_POUCH', 95, 'ポーチ', 3, NULL),
(99, 'FASHION_SMALL_GOODS_OTHER', 95, 'その他', 3, NULL),
(100, 'FASHION_GOODS', 38, 'ファッション雑貨', 2, NULL),
(101, 'FASHION_GOODS_MUFFLER', 100, 'マフラー', 3, NULL),
(102, 'FASHION_GOODS_STOLE', 100, 'ストール・ショール', 3, NULL),
(103, 'FASHION_GOODS_TIE', 100, 'ネクタイ', 3, NULL),
(104, 'FASHION_GOODS_BELT', 100, 'ベルト', 3, NULL),
(105, 'FASHION_GOODS_GLOVES', 100, 'グローブ', 3, NULL),
(106, 'FASHION_GOODS_SUNGLASSES', 100, 'サングラス', 3, NULL),
(107, 'FASHION_GOODS_EYEWEAR', 100, 'アイウェア', 3, NULL),
(108, 'FASHION_GOODS_SCARF_BANDANA', 100, 'スカーフ・バンダナ', 3, NULL),
(109, 'FASHION_GOODS_OTHER', 100, 'その他', 3, NULL),
(110, 'FASHION_HAT', 38, '帽子', 2, NULL),
(111, 'FASHION_HAT_HAT', 110, 'ハット', 3, NULL),
(112, 'FASHION_HAT_CAP', 110, 'キャップ', 3, NULL),
(113, 'FASHION_HAT_KNIT', 110, 'ニットキャップ', 3, NULL),
(114, 'FASHION_HAT_OTHER', 110, 'その他', 3, NULL),
(115, 'FASHION_OTHER', 38, 'その他', 2, NULL),
(116, 'WATCH', NULL, '時計', 1, NULL),
(117, 'WATCH_MEN', 116, 'MEN''S時計', 2, NULL),
(118, 'WATCH_LADIES', 116, 'LADIES''時計', 2, NULL),
(119, 'WATCH_OTHER', 116, 'その他（アクセ、置時計、懐中時計など）', 2, NULL);

INSERT INTO m_list_group_g (
    g_list_group_id, 
    g_list_group_cd, 
    g_list_group_nm, 
    is_active) VALUES 
(1, 'PRODUCT_STATUS', '商品状態', TRUE),
(2, 'NEW_USED_KBN', '新品区分', TRUE),
(3, 'STOCK_EXISTENCE', '在庫区分', TRUE),
(4, 'SALE_STATUS', '販売状態', TRUE),
(5, 'TRANSFER_STATUS', '移動状態', TRUE),
(6, 'REPAIR_STATUS', '修理状態', TRUE),
(7, 'RESERVATION_STATUS', '予約状態', TRUE),
(8, 'CONSIGNMENT_STATUS', '委託状態', TRUE),
(9, 'ACCEPT_STATUS', '受託状態', TRUE),
(10, 'EC_LISTING_STATUS', 'EC掲載状態', TRUE),
(11, 'CURRENCY_CD', '通貨コード', TRUE),
(12, 'PURCHASE_RANK', '仕入ランク', TRUE),
(13, 'SALES_RANK', '販売ランク', TRUE),
(14, 'LOCATION_TYPE', 'ロケーション区分', TRUE),
(15, 'CREDIT_ACTIVE_FLAG', '単位適用フラグ', TRUE),
(16, 'SELECT_TYPE', '単複区分', TRUE),
(17, 'UNIT', '単位', TRUE),
(18, 'DATA_TYPE', 'データタイプ', TRUE),
(19, 'USAGE', '登録分類', TRUE),
(20, 'TABLE_TYPE_CD', 'テーブル種別コード', TRUE),
(21, 'DATA_KIND', 'データ種別', TRUE),
(22, 'BATCH_STATE', 'バッチ状態', TRUE),
(23, 'STEP', '処理ステップ', TRUE),
(24, 'ERROR_CD', 'エラーコード', TRUE),
(25, 'TARGET_ENTITY', '対象エンティティ', TRUE),
(26, 'CAST_TYPE', '型変換タイプ', TRUE),
(27, 'STEP_STATUS', '行ステータス', TRUE),
(28, 'QUALITY_STATUS', '評価結果', TRUE),
(29, 'VALUE_ROLE', '値役割', TRUE),
(30, 'MATCHER_KIND', '照合方式', TRUE),
(31, 'DATA_SOURCE', 'データソース区分', TRUE),
(32, 'HOP1_MATCH_BY', '参照１テーブルマッチ方式', TRUE),
(33, 'RELATION', '関係', TRUE),
(34, 'REP_COLOR', '代表カラー', TRUE),
(35, 'AXIS_CD', '意味軸区分', TRUE),
(36, 'IDENT_KIND', '同定方法', TRUE),
(37, 'NULL_POLICY_CD', 'キー値欠損ルール', TRUE),
(38, 'TRIGGER_SOURCE', '起動トリガー', TRUE),
(39, 'CLUSTER_STATUS', 'クラスタ状態', TRUE),
(40, 'INBOX_REASON', '未決の発生理由', TRUE),
(41, 'TRANSITION_REASON', '統廃合理由', TRUE),
(42, 'INBOX_STATUS', '未決の状態', TRUE),
(43, 'IMAGE_TYPE_CD', '画像アイテムタイプ', TRUE),
(44, 'SEARCH_ENTITY_TYPE', 'opensearch登録対象種別', TRUE),
(45, 'SEARCH_ACTION', 'opensearch登録アクション種別', TRUE),
(46, 'SEARCH_STATUS', 'opensearch登録ステータス', TRUE),
(47, 'PROJECTION_KIND', '投影形式', TRUE),
(48, 'EVENT_KIND_CD', 'イベントコード', TRUE),
(49, 'REASON_CD', 'クレンズ品質', TRUE),
(50, 'GENDER_CD', '性別コード', TRUE),
(51, 'MATCH_MODE', 'マッチモード', TRUE),
(52, 'STATUS_LIFECYCLE', '状態管理区分', TRUE),
(53, 'LOCATION_TYPE_CD', 'ロケーション区分', TRUE);

INSERT INTO m_list_item_g (
    g_list_item_id, 
    g_list_group_id, g_item_cd, 
    g_item_label, 
    synonyms_json, 
    sort_order, 
    list_item_status, 
    is_system, 
    is_active) VALUES 
(1, 1, 'PRODUCT_STATUS_UNKNOWN', '仕入登録不明', '{}', 1, 'ACTIVE', FALSE, TRUE),
(2, 1, 'PRODUCT_STATUS_REGISTERED', '仕入登録済み', '{}', 2, 'ACTIVE', FALSE, TRUE),
(3, 1, 'PRODUCT_STATUS_ON_SALE', '販売中', '{}', 3, 'ACTIVE', FALSE, TRUE),
(4, 1, 'PRODUCT_STATUS_SHIPPED', '出荷済み', '{}', 4, 'ACTIVE', FALSE, TRUE),
(5, 2, 'PRODUCT_CONDITION_UNKNOWN', '新品中古不明', '{}', 5, 'ACTIVE', FALSE, TRUE),
(6, 2, 'PRODUCT_CONDITION_NEW', '新品', '{}', 6, 'ACTIVE', FALSE, TRUE),
(7, 2, 'PRODUCT_CONDITION_USED', 'リユース品', '{}', 7, 'ACTIVE', FALSE, TRUE),
(8, 3, 'STOCK_UNKNOWN', '在庫有無不明', '{}', 8, 'ACTIVE', FALSE, TRUE),
(9, 3, 'STOCK_NONE', '在庫なし', '{}', 9, 'ACTIVE', FALSE, TRUE),
(10, 3, 'STOCK_AVAILABLE', '在庫有', '{}', 10, 'ACTIVE', FALSE, TRUE),
(11, 4, 'SALE_UNKNOWN', '販売可否不明', '{}', 11, 'ACTIVE', FALSE, TRUE),
(12, 4, 'SALE_ALLOWED', '販売可', '{}', 12, 'ACTIVE', FALSE, TRUE),
(13, 4, 'SALE_FORBIDDEN', '販売不可', '{}', 13, 'ACTIVE', FALSE, TRUE),
(14, 5, 'TRANSFER_STATUS_UNKNOWN', '移動不明', '{}', 14, 'ACTIVE', FALSE, TRUE),
(15, 5, 'TRANSFER_MOVING', '移動中', '{}', 15, 'ACTIVE', FALSE, TRUE),
(16, 5, 'TRANSFER_NONE', '移動無し', '{}', 16, 'ACTIVE', FALSE, TRUE),
(17, 6, 'REPAIR_STATUS_UNKNOWN', '修理不明', '{}', 17, 'ACTIVE', FALSE, TRUE),
(18, 6, 'REPAIR_IN_REPAIR', '修理中', '{}', 18, 'ACTIVE', FALSE, TRUE),
(19, 6, 'REPAIR_NONE', '修理無し', '{}', 19, 'ACTIVE', FALSE, TRUE),
(20, 7, 'RESERVATION_STATUS_UNKNOWN', '予約不明', '{}', 20, 'ACTIVE', FALSE, TRUE),
(21, 7, 'RESERVATION_RESERVED', '予約中', '{}', 21, 'ACTIVE', FALSE, TRUE),
(22, 7, 'RESERVATION_NONE', '予約無し', '{}', 22, 'ACTIVE', FALSE, TRUE),
(23, 8, 'CONSIGNMENT_STATUS_UNKNOWN', '委託不明', '{}', 23, 'ACTIVE', FALSE, TRUE),
(24, 8, 'CONSIGNMENT_CONSIGNING', '委託中', '{}', 24, 'ACTIVE', FALSE, TRUE),
(25, 8, 'CONSIGNMENT_NONE', '委託無し', '{}', 25, 'ACTIVE', FALSE, TRUE),
(26, 9, 'ACCEPT_STATUS_UNKNOWN', '受託不明', '{}', 26, 'ACTIVE', FALSE, TRUE),
(27, 9, 'CONSIGN_ACCEPTING', '受託中', '{}', 27, 'ACTIVE', FALSE, TRUE),
(28, 9, 'ACCEPT_NONE', '受託無し', '{}', 28, 'ACTIVE', FALSE, TRUE),
(29, 10, 'EC_LISTING_UNKNOWN', 'EC掲載不明', '{}', 29, 'ACTIVE', FALSE, TRUE),
(30, 10, 'EC_LISTING_PUBLISHED', 'EC掲載中', '{}', 30, 'ACTIVE', FALSE, TRUE),
(31, 10, 'EC_LISTING_NOT_PUBLISHED', 'EC掲載無し', '{}', 31, 'ACTIVE', FALSE, TRUE),
(32, 11, 'JPY', '日本円', '{}', 32, 'ACTIVE', FALSE, TRUE),
(33, 11, 'USD', 'USドル', '{}', 33, 'ACTIVE', FALSE, TRUE),
(34, 12, 'PURCHASE_RANK_NEW', '新品', '{}', 34, 'ACTIVE', FALSE, TRUE),
(35, 12, 'PURCHASE_RANK_UNUSED', '未使用品', '{}', 35, 'ACTIVE', FALSE, TRUE),
(36, 12, 'PURCHASE_RANK_USED_A', '中古A品', '{}', 36, 'ACTIVE', FALSE, TRUE),
(37, 12, 'PURCHASE_RANK_USED_B', '中古B品', '{}', 37, 'ACTIVE', FALSE, TRUE),
(38, 12, 'PURCHASE_RANK_USED_C', '中古C品', '{}', 38, 'ACTIVE', FALSE, TRUE),
(39, 13, 'SALES_RANK_NEW', '新品', '{}', 39, 'ACTIVE', FALSE, TRUE),
(40, 13, 'SALES_RANK_UNUSED', '未使用品', '{}', 40, 'ACTIVE', FALSE, TRUE),
(41, 13, 'SALES_RANK_USED_A', '中古A品', '{}', 41, 'ACTIVE', FALSE, TRUE),
(42, 13, 'SALES_RANK_USED_B', '中古B品', '{}', 42, 'ACTIVE', FALSE, TRUE),
(43, 13, 'SALES_RANK_USED_C', '中古C品', '{}', 43, 'ACTIVE', FALSE, TRUE),
(44, 14, 'PHYSICAL_STORE', '実店舗', '{}', 44, 'ACTIVE', FALSE, TRUE),
(45, 14, 'OUTLET', 'アウトレット', '{}', 45, 'ACTIVE', FALSE, TRUE),
(46, 14, 'EC', 'EC', '{}', 46, 'ACTIVE', FALSE, TRUE),
(47, 14, 'WAREHOUSE', '倉庫', '{}', 47, 'ACTIVE', FALSE, TRUE),
(48, 14, 'EVENT', '催事', '{}', 48, 'ACTIVE', FALSE, TRUE),
(49, 14, 'HQ', '本部管理拠点', '{}', 49, 'ACTIVE', FALSE, TRUE),
(50, 15, 'ON', '適用', '{}', 50, 'ACTIVE', FALSE, TRUE),
(51, 15, 'OFF', '未適用', '{}', 51, 'ACTIVE', FALSE, TRUE),
(52, 16, 'SINGLE', '単', '{}', 52, 'ACTIVE', FALSE, TRUE),
(53, 16, 'MULTI', '複', '{}', 53, 'ACTIVE', FALSE, TRUE),
(54, 17, 'cm', 'センチメートル', '{}', 54, 'ACTIVE', FALSE, TRUE),
(55, 17, 'mm', 'ミリメートル', '{}', 55, 'ACTIVE', FALSE, TRUE),
(56, 17, 'ct', 'カラット', '{}', 56, 'ACTIVE', FALSE, TRUE),
(57, 17, 'g', 'グラム', '{}', 57, 'ACTIVE', FALSE, TRUE),
(58, 17, '\', '円', '{}', 58, 'ACTIVE', FALSE, TRUE),
(59, 17, '%', '率', '{}', 59, 'ACTIVE', FALSE, TRUE),
(60, 18, 'TEXT', 'テキスト', '{}', 60, 'ACTIVE', FALSE, TRUE),
(61, 18, 'NUM', '数値', '{}', 61, 'ACTIVE', FALSE, TRUE),
(62, 18, 'DATE', '日付', '{}', 62, 'ACTIVE', FALSE, TRUE),
(63, 18, 'LIST', 'リスト', '{}', 63, 'ACTIVE', FALSE, TRUE),
(64, 18, 'BOOL', '真偽', '{}', 64, 'ACTIVE', FALSE, TRUE),
(65, 18, 'REF', '外部参照', '{}', 65, 'ACTIVE', FALSE, TRUE),
(66, 19, 'PRODUCT', '商品', '{}', 66, 'ACTIVE', FALSE, TRUE),
(67, 19, 'CATALOG', 'カタログ', '{}', 67, 'ACTIVE', FALSE, TRUE),
(68, 19, 'EVENT', 'イベント', '{}', 68, 'ACTIVE', FALSE, TRUE),
(69, 20, 'MST', 'マスタ', '{}', 69, 'ACTIVE', FALSE, TRUE),
(70, 20, 'EAV', 'EAV項目', '{}', 70, 'ACTIVE', FALSE, TRUE),
(71, 21, 'PRODUCT', '商品', '{}', 71, 'ACTIVE', FALSE, TRUE),
(72, 21, 'PRODUCT_MNG', '製品', '{}', 72, 'ACTIVE', FALSE, TRUE),
(73, 21, 'PRODUCT_IMAGE', '商品画像', '{}', 73, 'ACTIVE', FALSE, TRUE),
(74, 21, 'PRODUCT_MNG_IMAGE', '製品画像', '{}', 74, 'ACTIVE', FALSE, TRUE),
(75, 21, 'EVENT', '在庫、販売', '{}', 75, 'ACTIVE', FALSE, TRUE),
(76, 22, 'RUNNING', '処理中', '{}', 76, 'ACTIVE', FALSE, TRUE),
(77, 22, 'SUCCESS', '正常終了', '{}', 77, 'ACTIVE', FALSE, TRUE),
(78, 22, 'FAILED', '異常終了', '{}', 78, 'ACTIVE', FALSE, TRUE),
(79, 22, 'PARTIAL', '一部失敗', '{}', 79, 'ACTIVE', FALSE, TRUE),
(80, 22, 'RETRY', '再試行中', '{}', 80, 'ACTIVE', FALSE, TRUE),
(81, 23, 'INGEST', '取込', '{}', 81, 'ACTIVE', FALSE, TRUE),
(82, 23, 'CLEANSE', 'クレンジング', '{}', 82, 'ACTIVE', FALSE, TRUE),
(83, 23, 'UPSERT', 'アップサート', '{}', 83, 'ACTIVE', FALSE, TRUE),
(84, 24, 'PARSE_FAILED', 'CSV行パース失敗', '{}', 84, 'ACTIVE', FALSE, TRUE),
(85, 24, 'MISSING_COLUMN', '必須行がない', '{}', 85, 'ACTIVE', FALSE, TRUE),
(86, 24, 'INVALID_ENCODING', '文字コード不正', '{}', 86, 'ACTIVE', FALSE, TRUE),
(87, 24, 'ROW_TOO_LARGE', '行サイズ超過', '{}', 87, 'ACTIVE', FALSE, TRUE),
(88, 25, 'PRODUCT', '商品', '{}', 88, 'ACTIVE', FALSE, TRUE),
(89, 25, 'EVENT', 'イベント', '{}', 89, 'ACTIVE', FALSE, TRUE),
(90, 25, 'PRODUCT_EAV', '商品EAV', '{}', 90, 'ACTIVE', FALSE, TRUE),
(91, 26, 'TEXT', 'テキスト', '{}', 91, 'ACTIVE', FALSE, TRUE),
(92, 26, 'NUM', '数値', '{}', 92, 'ACTIVE', FALSE, TRUE),
(93, 26, 'DATE', '日付', '{}', 93, 'ACTIVE', FALSE, TRUE),
(94, 26, 'BOOL', '真偽', '{}', 94, 'ACTIVE', FALSE, TRUE),
(95, 27, 'READY', '未処理', '{}', 95, 'ACTIVE', FALSE, TRUE),
(96, 27, 'PICKED', '処理中', '{}', 96, 'ACTIVE', FALSE, TRUE),
(97, 27, 'DONE', '処理完了', '{}', 97, 'ACTIVE', FALSE, TRUE),
(98, 27, 'ERROR_RETRY', '一時エラー', '{}', 98, 'ACTIVE', FALSE, TRUE),
(99, 27, 'ERROR_FATAL', '永続エラー', '{}', 99, 'ACTIVE', FALSE, TRUE),
(100, 28, 'OK', 'OK', '{}', 100, 'ACTIVE', FALSE, TRUE),
(101, 28, 'WARN', '確認', '{}', 101, 'ACTIVE', FALSE, TRUE),
(102, 28, 'NG', '無効', '{}', 102, 'ACTIVE', FALSE, TRUE),
(103, 29, 'ID_ONLY', 'IDのみ', '{}', 103, 'ACTIVE', FALSE, TRUE),
(104, 29, 'LABEL_ONLY', 'ラベルのみ', '{}', 104, 'ACTIVE', FALSE, TRUE),
(105, 29, 'ID_AND_LABEL', 'IDラベル両方', '{}', 105, 'ACTIVE', FALSE, TRUE),
(106, 30, 'ID_EXACT', 'ID完全一致', '{}', 106, 'ACTIVE', FALSE, TRUE),
(107, 30, 'LABEL_EXACT', 'ラベル完全一致', '{}', 107, 'ACTIVE', FALSE, TRUE),
(108, 30, 'SYNONYM', '同義語辞書一致', '{}', 108, 'ACTIVE', FALSE, TRUE),
(109, 30, 'NORMALIZE_EQ', '正規化ルール一致', '{}', 109, 'ACTIVE', FALSE, TRUE),
(110, 30, 'LIST_LOOKUP', '辞書走査・部分一致', '{}', 110, 'ACTIVE', FALSE, TRUE),
(111, 30, 'FUZZY_MATCH', '曖昧照合・類似度マッチ', '{}', 111, 'ACTIVE', FALSE, TRUE),
(112, 30, 'DERIVE_COALESCE', '派生作成', '{}', 112, 'ACTIVE', FALSE, TRUE),
(113, 30, 'DERIVE_FROM_GP', 'GP会社派生', '{}', 113, 'ACTIVE', FALSE, TRUE),
(114, 30, 'NORMALIZE_NUM', '数値パース', '{}', 114, 'ACTIVE', FALSE, TRUE),
(115, 31, 'MASTER', '通常マスタ', '{}', 115, 'ACTIVE', FALSE, TRUE),
(116, 31, 'DICT', '辞書', '{}', 116, 'ACTIVE', FALSE, TRUE),
(117, 31, 'EXT', '外部API', '{}', 117, 'ACTIVE', FALSE, TRUE),
(118, 32, 'ID', 'ID一致', '{}', 118, 'ACTIVE', FALSE, TRUE),
(119, 32, 'LABEL', '名称一致', '{}', 119, 'ACTIVE', FALSE, TRUE),
(120, 32, 'AUTO', '自動（ID優先、無ければ名称）', '{}', 120, 'ACTIVE', FALSE, TRUE),
(121, 33, 'EQUIV', '同値', '{}', 121, 'ACTIVE', FALSE, TRUE),
(122, 33, 'EXPAND', '拡張', '{}', 122, 'ACTIVE', FALSE, TRUE),
(123, 34, 'REP_COLOR_WHITE', 'ホワイト', '{}', 123, 'ACTIVE', FALSE, TRUE),
(124, 34, 'REP_COLOR_BLACK', 'ブラック', '{}', 124, 'ACTIVE', FALSE, TRUE),
(125, 34, 'REP_COLOR_GRAY', 'グレー', '{}', 125, 'ACTIVE', FALSE, TRUE),
(126, 34, 'REP_COLOR_BROWN', 'ブラウン', '{}', 126, 'ACTIVE', FALSE, TRUE),
(127, 34, 'REP_COLOR_SILVER', 'シルバー', '{}', 127, 'ACTIVE', FALSE, TRUE),
(128, 34, 'REP_COLOR_GOLD', 'ゴールド', '{}', 128, 'ACTIVE', FALSE, TRUE),
(129, 34, 'REP_COLOR_BEIGE', 'ベージュ', '{}', 129, 'ACTIVE', FALSE, TRUE),
(130, 34, 'REP_COLOR_RED', 'レッド', '{}', 130, 'ACTIVE', FALSE, TRUE),
(131, 34, 'REP_COLOR_ORANGE', 'オレンジ', '{}', 131, 'ACTIVE', FALSE, TRUE),
(132, 34, 'REP_COLOR_YELLOW', 'イエロー', '{}', 132, 'ACTIVE', FALSE, TRUE),
(133, 34, 'REP_COLOR_GREEN', 'グリーン', '{}', 133, 'ACTIVE', FALSE, TRUE),
(134, 34, 'REP_COLOR_BLUE', 'ブルー', '{}', 134, 'ACTIVE', FALSE, TRUE),
(135, 34, 'REP_COLOR_PURPLE', 'パープル', '{}', 135, 'ACTIVE', FALSE, TRUE),
(136, 34, 'REP_COLOR_PINK', 'ピンク', '{}', 136, 'ACTIVE', FALSE, TRUE),
(137, 34, 'REP_COLOR_OTHER', 'その他', '{}', 137, 'ACTIVE', FALSE, TRUE),
(138, 35, 'COLOR', '色そのもの', '{}', 138, 'ACTIVE', FALSE, TRUE),
(139, 35, 'PATTERN', 'モチーフ・デザイン', '{}', 139, 'ACTIVE', FALSE, TRUE),
(140, 35, 'MATERIAL', '素材', '{}', 140, 'ACTIVE', FALSE, TRUE),
(141, 35, 'JOINER', '区切り子', '{}', 141, 'ACTIVE', FALSE, TRUE),
(142, 35, 'IGNORE', 'ノイズ語', '{}', 142, 'ACTIVE', FALSE, TRUE),
(143, 36, 'AUTO', '自動', '{}', 143, 'ACTIVE', FALSE, TRUE),
(144, 36, 'MANUAL', '手動', '{}', 144, 'ACTIVE', FALSE, TRUE),
(145, 36, 'MERGE', '統合', '{}', 145, 'ACTIVE', FALSE, TRUE),
(146, 37, 'FORBID', '欠損禁止', '{}', 146, 'ACTIVE', FALSE, TRUE),
(147, 37, 'ALLOW_EMPTY', '空値許容', '{}', 147, 'ACTIVE', FALSE, TRUE),
(148, 37, 'FILL_DEFAULT', '既定値補完', '{}', 148, 'ACTIVE', FALSE, TRUE),
(149, 37, 'DERIVE_UP', '上位属性補完', '{}', 149, 'ACTIVE', FALSE, TRUE),
(150, 37, 'WARN_AND_ALLOW', '警告付き許容', '{}', 150, 'ACTIVE', FALSE, TRUE),
(151, 38, 'UPSERT', 'UPSERT完了イベントで起動', '{}', 151, 'ACTIVE', FALSE, TRUE),
(152, 38, 'MANUAL', '手動実行', '{}', 152, 'ACTIVE', FALSE, TRUE),
(153, 38, 'REBUILD', 'ルール更新による再生成', '{}', 153, 'ACTIVE', FALSE, TRUE),
(154, 39, 'PROVISIONAL', '暫定', '{}', 154, 'ACTIVE', FALSE, TRUE),
(155, 39, 'VERIFIED', '検証済', '{}', 155, 'ACTIVE', FALSE, TRUE),
(156, 39, 'REJECTED', '不採用', '{}', 156, 'ACTIVE', FALSE, TRUE),
(157, 40, 'FORBID', '欠損禁止（必須ティア欠損）', '{}', 157, 'ACTIVE', FALSE, TRUE),
(158, 40, 'ILLEGAL_CHAR', '不正文字含有', '{}', 158, 'ACTIVE', FALSE, TRUE),
(159, 40, 'LENGTH_OUT', '長さ異常', '{}', 159, 'ACTIVE', FALSE, TRUE),
(160, 40, 'DUPLICATE_COLLISION', '重複衝突', '{}', 160, 'ACTIVE', FALSE, TRUE),
(161, 40, 'DICT_NOT_FOUND', '辞書未登録', '{}', 161, 'ACTIVE', FALSE, TRUE),
(162, 40, 'DERIVE_FAILED', '派生補完失敗', '{}', 162, 'ACTIVE', FALSE, TRUE),
(163, 40, 'UNKNOWN_ERROR', '不明エラー', '{}', 163, 'ACTIVE', FALSE, TRUE),
(164, 40, 'WARN_ONLY', '警告のみ（軽微）', '{}', 164, 'ACTIVE', FALSE, TRUE),
(165, 41, 'MERGE', '統合', '{}', 165, 'ACTIVE', FALSE, TRUE),
(166, 41, 'SPLIT', '分割', '{}', 166, 'ACTIVE', FALSE, TRUE),
(167, 41, 'RULE_CHANGE', 'ルール変更', '{}', 167, 'ACTIVE', FALSE, TRUE),
(168, 42, 'OPEN', '未解決', '{}', 168, 'ACTIVE', FALSE, TRUE),
(169, 42, 'CLOSED', '解決済', '{}', 169, 'ACTIVE', FALSE, TRUE),
(170, 43, 'MAIN', 'メイン画像', '{}', 170, 'ACTIVE', FALSE, TRUE),
(171, 43, 'SUB', 'サブ画像', '{}', 171, 'ACTIVE', FALSE, TRUE),
(172, 43, 'DETAIL', '詳細画像', '{}', 172, 'ACTIVE', FALSE, TRUE),
(173, 43, 'TAG', 'タグ画像', '{}', 173, 'ACTIVE', FALSE, TRUE),
(174, 43, 'BARCODE', 'バーコード', '{}', 174, 'ACTIVE', FALSE, TRUE),
(175, 44, 'PRODUCT', '商品', '{}', 175, 'ACTIVE', FALSE, TRUE),
(176, 44, 'PRODUCT_MNG', '製品', '{}', 176, 'ACTIVE', FALSE, TRUE),
(177, 44, 'CATALOG', 'カタログ', '{}', 177, 'ACTIVE', FALSE, TRUE),
(178, 45, 'UPSERT', '追加/更新', '{}', 178, 'ACTIVE', FALSE, TRUE),
(179, 45, 'DELETE', '削除', '{}', 179, 'ACTIVE', FALSE, TRUE),
(180, 46, 'READY', '待機', '{}', 180, 'ACTIVE', FALSE, TRUE),
(181, 46, 'RUNNING', '処理中', '{}', 181, 'ACTIVE', FALSE, TRUE),
(182, 46, 'DONE', '完了', '{}', 182, 'ACTIVE', FALSE, TRUE),
(183, 46, 'ERROR', '失敗', '{}', 183, 'ACTIVE', FALSE, TRUE),
(184, 47, 'PRODUCT', '商品投影', '{}', 184, 'ACTIVE', FALSE, TRUE),
(185, 47, 'EVENT', 'イベント投影', '{}', 185, 'ACTIVE', FALSE, TRUE),
(186, 47, 'PRODUCT_EAV', 'EAV投影', '{}', 186, 'ACTIVE', FALSE, TRUE),
(187, 48, 'RECEIPT', '入庫(仕入)', '{}', 187, 'ACTIVE', FALSE, TRUE),
(188, 48, 'SHIP', '販売(出庫)', '{}', 188, 'ACTIVE', FALSE, TRUE),
(189, 48, 'TRANSFER_OUT', '移動出', '{}', 189, 'ACTIVE', FALSE, TRUE),
(190, 48, 'TRANSFER_IN', '移動入', '{}', 190, 'ACTIVE', FALSE, TRUE),
(191, 48, 'REPAIR_OUT', '修理出', '{}', 191, 'ACTIVE', FALSE, TRUE),
(192, 48, 'REPAIR_IN', '修理戻', '{}', 192, 'ACTIVE', FALSE, TRUE),
(193, 48, 'RESERVE_SET', '取置開始', '{}', 193, 'ACTIVE', FALSE, TRUE),
(194, 48, 'RESERVE_UNSET', '取置解除', '{}', 194, 'ACTIVE', FALSE, TRUE),
(195, 48, 'CONSIGN_START', '委託開始', '{}', 195, 'ACTIVE', FALSE, TRUE),
(196, 48, 'CONSIGN_END', '委託終了', '{}', 196, 'ACTIVE', FALSE, TRUE),
(197, 48, 'ACCEPT_START', '受託開始', '{}', 197, 'ACTIVE', FALSE, TRUE),
(198, 48, 'ACCEPT_END', '受託終了', '{}', 198, 'ACTIVE', FALSE, TRUE),
(199, 48, 'EC_PUBLISH', 'EC掲載', '{}', 199, 'ACTIVE', FALSE, TRUE),
(200, 48, 'EC_UNPUBLISH', 'EC非掲載', '{}', 200, 'ACTIVE', FALSE, TRUE),
(201, 48, 'WS_STOCK', '在庫スナップ', '{}', 201, 'ACTIVE', FALSE, TRUE),
(202, 48, 'ADJUST_POS', '在庫調整(増)', '{}', 202, 'ACTIVE', FALSE, TRUE),
(203, 48, 'ADJUST_NEG', '在庫調整(減)', '{}', 203, 'ACTIVE', FALSE, TRUE),
(204, 48, 'RETURN', '返品/売上取消', '{}', 204, 'ACTIVE', FALSE, TRUE),
(205, 49, 'ID_MATCH', '取込値が参照IDと完全一致', '{}', 205, 'ACTIVE', FALSE, TRUE),
(206, 49, 'LABEL_MATCH', '取込値が辞書ラベルと完全一致', '{}', 206, 'ACTIVE', FALSE, TRUE),
(207, 49, 'SYNONYM_MATCH', '同義語辞書で一致', '{}', 207, 'ACTIVE', FALSE, TRUE),
(208, 49, 'NORMALIZE_EQ', '正規化処理後に同一判定', '{}', 208, 'ACTIVE', FALSE, TRUE),
(209, 49, 'FUZZY_MATCH', '類似度マッチャで閾値超え', '{}', 209, 'ACTIVE', FALSE, TRUE),
(210, 49, 'LENGTH_OUT', '最大長・最小長を逸脱', '{}', 210, 'ACTIVE', FALSE, TRUE),
(211, 49, 'ILLEGAL_CHAR', '禁止文字を検出', '{}', 211, 'ACTIVE', FALSE, TRUE),
(212, 49, 'DICT_NOT_FOUND', '辞書・リストに存在しない', '{}', 212, 'ACTIVE', FALSE, TRUE),
(213, 49, 'PARSE_OK', '日付や数値変換成功', '{}', 213, 'ACTIVE', FALSE, TRUE),
(214, 49, 'PARSE_FAIL', '日付・数値変換失敗', '{}', 214, 'ACTIVE', FALSE, TRUE),
(215, 49, 'REF_ID_MATCH', '参照テーブルIDで一致', '{}', 215, 'ACTIVE', FALSE, TRUE),
(216, 49, 'REF_LABEL_MATCH', '参照テーブルのラベルで一致', '{}', 216, 'ACTIVE', FALSE, TRUE),
(217, 49, 'REF_NOT_FOUND', '参照テーブルに該当なし', '{}', 217, 'ACTIVE', FALSE, TRUE),
(218, 49, 'MULTI_HIT', '候補が複数ヒット', '{}', 218, 'ACTIVE', FALSE, TRUE),
(219, 49, 'SPLIT_APPLIED', '区切り文字で値分割', '{}', 219, 'ACTIVE', FALSE, TRUE),
(220, 49, 'UNKNOWN_ERROR', '不明のエラー', '{}', 220, 'ACTIVE', FALSE, TRUE),
(221, 50, 'GENDER_MALE', 'メンズ', '{}', 221, 'ACTIVE', FALSE, TRUE),
(222, 50, 'GENDER_FEMALE', 'レディース', '{}', 222, 'ACTIVE', FALSE, TRUE),
(223, 50, 'GENDER_UNISEX', 'ユニセックス', '{}', 223, 'ACTIVE', FALSE, TRUE),
(224, 51, 'ID', 'IDのみで一致', '{}', 224, 'ACTIVE', FALSE, TRUE),
(225, 51, 'NAME', '名前だけで一致', '{}', 225, 'ACTIVE', FALSE, TRUE),
(226, 51, 'BOTH', 'IDと名前で一致', '{}', 226, 'ACTIVE', FALSE, TRUE),
(227, 51, 'AUTO', 'IDがあればID優先', '{}', 227, 'ACTIVE', FALSE, TRUE),
(228, 52, 'ACTIVE', '承認', '{}', 228, 'ACTIVE', FALSE, TRUE),
(229, 52, 'PROVISIONAL', '暫定', '{}', 229, 'ACTIVE', FALSE, TRUE),
(230, 52, 'RETIRED', '廃止', '{}', 230, 'ACTIVE', FALSE, TRUE),
(231, 53, 'PHYSICAL_STORE', '実店舗', '{}', 231, 'ACTIVE', FALSE, TRUE),
(232, 53, 'OUTLET', 'アウトレット', '{}', 232, 'ACTIVE', FALSE, TRUE),
(233, 53, 'EC', 'EC', '{}', 233, 'ACTIVE', FALSE, TRUE),
(234, 53, 'WAREHOUSE', '倉庫', '{}', 234, 'ACTIVE', FALSE, TRUE),
(235, 53, 'EVENT', '催事', '{}', 235, 'ACTIVE', FALSE, TRUE),
(236, 53, 'HQ', '本部管理拠点', '{}', 236, 'ACTIVE', FALSE, TRUE);

--20251016 クレンジング用追加
INSERT INTO m_cleanse_rule_set (
    rule_set_id, 
    rule_version, 
    description, 
    released_at, 
    cre_by, 
    is_active) 
VALUES 
(0, 'v2025.09.16', '初版', '2025/09/11', 'y.nakahira', FALSE),
(1, 'v2025.10.16', 'テスト版', '2025/10/11', 'y.nakahira', TRUE),
(2, 'EVENT_v2025.10.22', 'EVENT用', '2025/10/22', 'y.nakahira', TRUE);

INSERT INTO m_attr_cleanse_policy (
    policy_id, rule_set_id, attr_cd, data_type, ref_map_id, g_list_group_cd,
     gp_scope, brand_scope, step_no, matcher_kind, derive_from_attr_cds, 
     split_mode, stop_on_hit, threshold, import_remarks, is_active
) VALUES 
(1, 1, 'GP_CD', 'REF', 1, NULL, 'KM', NULL, 1, 'ID_EXACT', '{}', NULL, TRUE, 0, 'm_companyを参照してGP会社を正規化', TRUE),
(2, 1, 'PRODUCT_CD', 'TEXT', NULL, NULL, 'KM', NULL, 1, 'NORMALIZE_EQ', '{}', NULL, TRUE, 0, 'trim/全半角/upper/禁止文字除去/長さ検証', TRUE),
(3, 1, 'PRODUCT_MANAGEMENT_CD', 'TEXT', NULL, NULL, 'KM', NULL, 1, 'NORMALIZE_EQ', '{}', NULL, TRUE, 0, 'trim/全半角/upper/禁止文字除去/長さ検証', TRUE),
(4, 1, 'BRAND', 'REF', 2, NULL, 'KM', NULL, 1, 'ID_EXACT', '{}', NULL, TRUE, 0, NULL, TRUE),
(5, 1, 'CATEGORY_1', 'REF', 3, NULL, 'KM', NULL, 1, 'ID_EXACT', '{}', NULL, TRUE, 0, NULL, TRUE),
(6, 1, 'CATEGORY_2', 'REF', 4, NULL, 'KM', NULL, 1, 'ID_EXACT', '{}', NULL, TRUE, 0, NULL, TRUE),
(7, 1, 'CATEGORY_3', 'REF', 5, NULL, 'KM', NULL, 1, 'ID_EXACT', '{}', NULL, TRUE, 0, NULL, TRUE),
(8, 1, 'CATEGORY_LEAF', 'REF', NULL, NULL, 'KM', NULL, 1, 'DERIVE_COALESCE', '{''CATEGORY_3'',''CATEGORY_2'',''CATEGORY_1''}', NULL, TRUE, 0, '一番先のカテゴリを生成', TRUE),
(9, 1, 'PRODUCT_STATUS', 'LIST', 6, 'PRODUCT_STATUS', 'KM', NULL, 1, 'LABEL_EXACT', '{}', NULL, TRUE, 0, NULL, TRUE),
(10, 1, 'NEW_USED_KBN', 'LIST', 7, 'NEW_USED_KBN', 'KM', NULL, 1, 'ID_EXACT', '{}', NULL, TRUE, 0, NULL, TRUE),
(11, 1, 'STOCK_EXISTENCE', 'LIST', 8, 'STOCK_EXISTENCE', 'KM', NULL, 1, 'ID_EXACT', '{}', NULL, TRUE, 0, NULL, TRUE),
(12, 1, 'SALE_STATUS', 'LIST', 9, 'SALE_STATUS', 'KM', NULL, 1, 'ID_EXACT', '{}', NULL, TRUE, 0, NULL, TRUE),
(13, 1, 'TRANSFER_STATUS', 'LIST', 10, 'TRANSFER_STATUS', 'KM', NULL, 1, 'ID_EXACT', '{}', NULL, TRUE, 0, NULL, TRUE),
(14, 1, 'REPAIR_STATUS', 'LIST', 11, 'REPAIR_STATUS', 'KM', NULL, 1, 'ID_EXACT', '{}', NULL, TRUE, 0, NULL, TRUE),
(15, 1, 'RESERVATION_STATUS', 'LIST', 12, 'RESERVATION_STATUS', 'KM', NULL, 1, 'ID_EXACT', '{}', NULL, TRUE, 0, NULL, TRUE),
(16, 1, 'CONSIGNMENT_STATUS', 'LIST', 13, 'CONSIGNMENT_STATUS', 'KM', NULL, 1, 'ID_EXACT', '{}', NULL, TRUE, 0, NULL, TRUE),
(17, 1, 'ACCEPT_STATUS', 'LIST', 14, 'ACCEPT_STATUS', 'KM', NULL, 1, 'ID_EXACT', '{}', NULL, TRUE, 0, NULL, TRUE),
(18, 1, 'EC_LISTING_STATUS', 'LIST', 15, 'EC_LISTING_STATUS', 'KM', NULL, 1, 'ID_EXACT', '{}', NULL, TRUE, 0, NULL, TRUE),
(19, 1, 'CURRENCY_CD', 'LIST', 16, 'CURRENCY_CD', 'KM', NULL, 1, 'DERIVE_FROM_GP', '{}', NULL, TRUE, 0, 'GP_CDからm_company.default_currency_cdを派生して通貨を決定', TRUE),
(20, 1, 'DISPLAY_PRICE_EXCL_TAX', 'NUM', NULL, NULL, 'KM', NULL, 1, 'NORMALIZE_NUM', '{}', NULL, TRUE, 0, '¥, \, ,, 全角数字→半角、小数点統一、前後空白トリム', TRUE),
(21, 1, 'DISPLAY_PRICE_INCL_TAX', 'NUM', NULL, NULL, 'KM', NULL, 1, 'NORMALIZE_NUM', '{}', NULL, TRUE, 0, '¥, \, ,, 全角数字→半角、小数点統一、前後空白トリム', TRUE),
(22, 1, 'DISPLAY_TAX_RATE', 'NUM', NULL, NULL, 'KM', NULL, 1, 'NORMALIZE_NUM', '{}', NULL, TRUE, 0, '¥, \, ,, 全角数字→半角、小数点統一、前後空白トリム', TRUE),
(23, 1, 'PURCHASE_RANK', 'LIST', 17, 'PURCHASE_RANK', 'KM', NULL, 1, 'ID_EXACT', '{}', NULL, TRUE, 0, NULL, TRUE),
(24, 1, 'SALES_RANK', 'LIST', 18, 'SALES_RANK', 'KM', NULL, 1, 'ID_EXACT', '{}', NULL, TRUE, 0, NULL, TRUE),
(25, 1, 'CATEGORY_PRODCUT', 'TEXT', NULL, NULL, 'KM', NULL, 1, 'NORMALIZE_EQ', '{}', NULL, TRUE, 0, NULL, TRUE),
(26, 1, 'PURCHASE_PRICE_EXCL_TAX', 'NUM', NULL, NULL, 'KM', NULL, 1, 'NORMALIZE_NUM', '{}', NULL, TRUE, 0, NULL, TRUE),
(27, 1, 'PURCHASE_PRICE_INCL_TAX', 'NUM', NULL, NULL, 'KM', NULL, 1, 'NORMALIZE_NUM', '{}', NULL, TRUE, 0, NULL, TRUE),
(28, 1, 'DISCOUNT_PRICE_EXCL_TAX', 'NUM', NULL, NULL, 'KM', NULL, 1, 'NORMALIZE_NUM', '{}', NULL, TRUE, 0, NULL, TRUE),
(29, 1, 'DISCOUNT_PRICE_INCL_TAX', 'NUM', NULL, NULL, 'KM', NULL, 1, 'NORMALIZE_NUM', '{}', NULL, TRUE, 0, NULL, TRUE),
(30, 1, 'SALES_PRICE_INCL_TAX', 'NUM', NULL, NULL, 'KM', NULL, 1, 'NORMALIZE_NUM', '{}', NULL, TRUE, 0, NULL, TRUE),
(31, 1, 'SALES_PRICE_EXCL_TAX', 'NUM', NULL, NULL, 'KM', NULL, 1, 'NORMALIZE_NUM', '{}', NULL, TRUE, 0, NULL, TRUE),
(32, 1, 'STORE', 'REF', NULL, NULL, 'KM', NULL, 1, 'ID_EXACT', '{}', NULL, TRUE, 0, NULL, TRUE),
(33, 1, 'COLLABORATION_BRAND', 'TEXT', NULL, NULL, 'KM', NULL, 1, 'NORMALIZE_EQ', '{}', NULL, TRUE, 0, NULL, TRUE),
(34, 1, 'SPEC_DIFFERENCE', 'TEXT', NULL, NULL, 'KM', NULL, 1, 'NORMALIZE_EQ', '{}', NULL, TRUE, 0, NULL, TRUE),
(35, 1, 'CONSIGNOR_GROUP_COMPANY_ID', 'TEXT', NULL, NULL, 'KM', NULL, 1, 'NORMALIZE_EQ', '{}', NULL, TRUE, 0, NULL, TRUE),
(36, 1, 'CONSIGNOR_PRODUCT_CD', 'TEXT', NULL, NULL, 'KM', NULL, 1, 'NORMALIZE_EQ', '{}', NULL, TRUE, 0, NULL, TRUE),
(37, 1, 'SPECIAL_NOTES', 'TEXT', NULL, NULL, 'KM', NULL, 1, 'NORMALIZE_EQ', '{}', NULL, TRUE, 0, NULL, TRUE),
(38, 1, 'DEFECT_NOTES', 'TEXT', NULL, NULL, 'KM', NULL, 1, 'NORMALIZE_EQ', '{}', NULL, TRUE, 0, NULL, TRUE),
(39, 1, 'CATALOG_DESC', 'TEXT', NULL, NULL, 'KM', NULL, 1, 'NORMALIZE_EQ', '{}', NULL, TRUE, 0, NULL, TRUE),
(40, 1, 'PRODUCT_REMARKS', 'TEXT', NULL, NULL, 'KM', NULL, 1, 'NORMALIZE_EQ', '{}', NULL, TRUE, 0, NULL, TRUE),
(41, 1, 'PURCHASE_DATE', 'TEXT', NULL, NULL, 'KM', NULL, 1, 'NORMALIZE_EQ', '{}', NULL, TRUE, 0, NULL, TRUE),
(42, 1, 'REFERENCE_PRICE', 'TEXT', NULL, NULL, 'KM', NULL, 1, 'NORMALIZE_EQ', '{}', NULL, TRUE, 0, NULL, TRUE),
(43, 1, 'REFERENCE_PRICE_UPDATED_AT', 'TEXT', NULL, NULL, 'KM', NULL, 1, 'NORMALIZE_EQ', '{}', NULL, TRUE, 0, NULL, TRUE),
(44, 1, 'SALES_START_DATE', 'TEXT', NULL, NULL, 'KM', NULL, 1, 'NORMALIZE_EQ', '{}', NULL, TRUE, 0, NULL, TRUE),
(45, 1, 'SALES_END_DATE', 'TEXT', NULL, NULL, 'KM', NULL, 1, 'NORMALIZE_EQ', '{}', NULL, TRUE, 0, NULL, TRUE),
(46, 1, 'GENDER', 'TEXT', NULL, NULL, 'KM', NULL, 1, 'NORMALIZE_EQ', '{}', NULL, TRUE, 0, NULL, TRUE),
(47, 1, 'PRODUCT_ALIAS', 'TEXT', NULL, NULL, 'KM', NULL, 1, 'NORMALIZE_EQ', '{}', NULL, TRUE, 0, NULL, TRUE),
(48, 1, 'PRODUCT_LINE', 'TEXT', NULL, NULL, 'KM', NULL, 1, 'NORMALIZE_EQ', '{}', NULL, TRUE, 0, NULL, TRUE),
(49, 1, 'MODEL_NO', 'TEXT', NULL, NULL, 'KM', NULL, 1, 'NORMALIZE_EQ', '{}', NULL, TRUE, 0, NULL, TRUE),
(50, 1, 'DIAL_COLOR', 'TEXT', NULL, NULL, 'KM', NULL, 1, 'NORMALIZE_EQ', '{}', NULL, TRUE, 0, NULL, TRUE),
(51, 1, 'MAIN_COLOR', 'TEXT', NULL, NULL, 'KM', NULL, 1, 'NORMALIZE_EQ', '{}', NULL, TRUE, 0, NULL, TRUE),
(52, 1, 'BAND_MATERIAL', 'TEXT', NULL, NULL, 'KM', NULL, 1, 'NORMALIZE_EQ', '{}', NULL, TRUE, 0, NULL, TRUE),
(53, 1, 'BAND_COLOR', 'TEXT', NULL, NULL, 'KM', NULL, 1, 'NORMALIZE_EQ', '{}', NULL, TRUE, 0, NULL, TRUE),
(54, 1, 'DIAL_PATTERN', 'TEXT', NULL, NULL, 'KM', NULL, 1, 'NORMALIZE_EQ', '{}', NULL, TRUE, 0, NULL, TRUE),
(55, 1, 'CASE_MATERIAL', 'TEXT', NULL, NULL, 'KM', NULL, 1, 'NORMALIZE_EQ', '{}', NULL, TRUE, 0, NULL, TRUE),
(56, 1, 'MODEL_YEAR', 'TEXT', NULL, NULL, 'KM', NULL, 1, 'NORMALIZE_EQ', '{}', NULL, TRUE, 0, NULL, TRUE),
(57, 1, 'SIZE_WRIST', 'TEXT', NULL, NULL, 'KM', NULL, 1, 'NORMALIZE_EQ', '{}', NULL, TRUE, 0, NULL, TRUE),
(58, 1, 'MOVEMENT', 'TEXT', NULL, NULL, 'KM', NULL, 1, 'NORMALIZE_EQ', '{}', NULL, TRUE, 0, NULL, TRUE),
(59, 1, 'WEIGHT', 'TEXT', NULL, NULL, 'KM', NULL, 1, 'NORMALIZE_EQ', '{}', NULL, TRUE, 0, NULL, TRUE),
(60, 1, 'CASE_HEIGHT_ACTUAL', 'TEXT', NULL, NULL, 'KM', NULL, 1, 'NORMALIZE_EQ', '{}', NULL, TRUE, 0, NULL, TRUE),
(61, 1, 'CASE_WIDTH_ACTUAL', 'TEXT', NULL, NULL, 'KM', NULL, 1, 'NORMALIZE_EQ', '{}', NULL, TRUE, 0, NULL, TRUE),
(62, 1, 'CASE_DEPTH_ACTUAL', 'TEXT', NULL, NULL, 'KM', NULL, 1, 'NORMALIZE_EQ', '{}', NULL, TRUE, 0, NULL, TRUE),
(63, 1, 'STANDARD_SIZE', 'TEXT', NULL, NULL, 'KM', NULL, 1, 'NORMALIZE_EQ', '{}', NULL, TRUE, 0, NULL, TRUE),
(64, 1, 'ACCESSORIES', 'TEXT', NULL, NULL, 'KM', NULL, 1, 'NORMALIZE_EQ', '{}', NULL, TRUE, 0, NULL, TRUE),
(65, 1, 'WATER_RESIST', 'TEXT', NULL, NULL, 'KM', NULL, 1, 'NORMALIZE_EQ', '{}', NULL, TRUE, 0, NULL, TRUE),
(66, 1, 'FUNCTIONS', 'TEXT', NULL, NULL, 'KM', NULL, 1, 'NORMALIZE_EQ', '{}', NULL, TRUE, 0, NULL, TRUE),
(67, 1, 'CASE_SHAPE', 'TEXT', NULL, NULL, 'KM', NULL, 1, 'NORMALIZE_EQ', '{}', NULL, TRUE, 0, NULL, TRUE),
(68, 1, 'WARRANTY_TYPE', 'TEXT', NULL, NULL, 'KM', NULL, 1, 'NORMALIZE_EQ', '{}', NULL, TRUE, 0, NULL, TRUE),
(69, 1, 'WARRANTY_DATE', 'TEXT', NULL, NULL, 'KM', NULL, 1, 'NORMALIZE_EQ', '{}', NULL, TRUE, 0, NULL, TRUE),
(70, 1, 'MADE_IN', 'TEXT', NULL, NULL, 'KM', NULL, 1, 'NORMALIZE_EQ', '{}', NULL, TRUE, 0, NULL, TRUE),
(71, 1, 'SERIAL_NO', 'TEXT', NULL, NULL, 'KM', NULL, 1, 'NORMALIZE_EQ', '{}', NULL, TRUE, 0, NULL, TRUE),
(72, 1, 'BODY_MATERIAL', 'TEXT', NULL, NULL, 'KM', NULL, 1, 'NORMALIZE_EQ', '{}', NULL, TRUE, 0, NULL, TRUE),
(73, 1, 'BODY_COLOR', 'TEXT', NULL, NULL, 'KM', NULL, 1, 'NORMALIZE_EQ', '{}', NULL, TRUE, 0, NULL, TRUE),
(74, 1, 'METAL_MATERIAL', 'TEXT', NULL, NULL, 'KM', NULL, 1, 'NORMALIZE_EQ', '{}', NULL, TRUE, 0, NULL, TRUE),
(75, 1, 'DATE_CODE', 'TEXT', NULL, NULL, 'KM', NULL, 1, 'NORMALIZE_EQ', '{}', NULL, TRUE, 0, NULL, TRUE),
(76, 1, 'BODY_PATTERN', 'TEXT', NULL, NULL, 'KM', NULL, 1, 'NORMALIZE_EQ', '{}', NULL, TRUE, 0, NULL, TRUE),
(77, 1, 'ENGRAVING', 'TEXT', NULL, NULL, 'KM', NULL, 1, 'NORMALIZE_EQ', '{}', NULL, TRUE, 0, NULL, TRUE),
(78, 1, 'HEIGHT', 'TEXT', NULL, NULL, 'KM', NULL, 1, 'NORMALIZE_EQ', '{}', NULL, TRUE, 0, NULL, TRUE),
(79, 1, 'WIDTH_ACTUAL', 'TEXT', NULL, NULL, 'KM', NULL, 1, 'NORMALIZE_EQ', '{}', NULL, TRUE, 0, NULL, TRUE),
(80, 1, 'DEPTH_ACTUAL', 'TEXT', NULL, NULL, 'KM', NULL, 1, 'NORMALIZE_EQ', '{}', NULL, TRUE, 0, NULL, TRUE),
(81, 1, 'HEIGHT_ACTUAL', 'TEXT', NULL, NULL, 'KM', NULL, 1, 'NORMALIZE_EQ', '{}', NULL, TRUE, 0, NULL, TRUE),
(82, 1, 'CARD_SLOT_COUNT', 'TEXT', NULL, NULL, 'KM', NULL, 1, 'NORMALIZE_EQ', '{}', NULL, TRUE, 0, NULL, TRUE),
(83, 1, 'POCKET_IN_COUNT', 'TEXT', NULL, NULL, 'KM', NULL, 1, 'NORMALIZE_EQ', '{}', NULL, TRUE, 0, NULL, TRUE),
(84, 1, 'POCKET_OUT_COUNT', 'TEXT', NULL, NULL, 'KM', NULL, 1, 'NORMALIZE_EQ', '{}', NULL, TRUE, 0, NULL, TRUE),
(85, 1, 'SERIAL_POSITION', 'TEXT', NULL, NULL, 'KM', NULL, 1, 'NORMALIZE_EQ', '{}', NULL, TRUE, 0, NULL, TRUE),
(86, 1, 'DESIGN_PERIOD', 'TEXT', NULL, NULL, 'KM', NULL, 1, 'NORMALIZE_EQ', '{}', NULL, TRUE, 0, NULL, TRUE),
(87, 1, 'SEASON', 'TEXT', NULL, NULL, 'KM', NULL, 1, 'NORMALIZE_EQ', '{}', NULL, TRUE, 0, NULL, TRUE),
(88, 1, 'PATTERN', 'TEXT', NULL, NULL, 'KM', NULL, 1, 'NORMALIZE_EQ', '{}', NULL, TRUE, 0, NULL, TRUE),
(89, 1, 'MATERIAL', 'TEXT', NULL, NULL, 'KM', NULL, 1, 'NORMALIZE_EQ', '{}', NULL, TRUE, 0, NULL, TRUE),
(90, 1, 'SIZE_ACTUAL', 'TEXT', NULL, NULL, 'KM', NULL, 1, 'NORMALIZE_EQ', '{}', NULL, TRUE, 0, NULL, TRUE),
(91, 1, 'SIZE_NOTE', 'TEXT', NULL, NULL, 'KM', NULL, 1, 'NORMALIZE_EQ', '{}', NULL, TRUE, 0, NULL, TRUE),
(92, 1, 'BODY_WIDTH', 'TEXT', NULL, NULL, 'KM', NULL, 1, 'NORMALIZE_EQ', '{}', NULL, TRUE, 0, NULL, TRUE),
(93, 1, 'BODY_LENGTH', 'TEXT', NULL, NULL, 'KM', NULL, 1, 'NORMALIZE_EQ', '{}', NULL, TRUE, 0, NULL, TRUE),
(94, 1, 'SLEEVE_LENGTH', 'TEXT', NULL, NULL, 'KM', NULL, 1, 'NORMALIZE_EQ', '{}', NULL, TRUE, 0, NULL, TRUE),
(95, 1, 'SHOULDER_WIDTH', 'TEXT', NULL, NULL, 'KM', NULL, 1, 'NORMALIZE_EQ', '{}', NULL, TRUE, 0, NULL, TRUE),
(96, 1, 'TOTAL_LENGTH', 'TEXT', NULL, NULL, 'KM', NULL, 1, 'NORMALIZE_EQ', '{}', NULL, TRUE, 0, NULL, TRUE),
(97, 1, 'WAIST', 'TEXT', NULL, NULL, 'KM', NULL, 1, 'NORMALIZE_EQ', '{}', NULL, TRUE, 0, NULL, TRUE),
(98, 1, 'INSEAM', 'TEXT', NULL, NULL, 'KM', NULL, 1, 'NORMALIZE_EQ', '{}', NULL, TRUE, 0, NULL, TRUE),
(99, 1, 'HEEL_HEIGHT', 'TEXT', NULL, NULL, 'KM', NULL, 1, 'NORMALIZE_EQ', '{}', NULL, TRUE, 0, NULL, TRUE),
(100, 1, 'LENGTH', 'TEXT', NULL, NULL, 'KM', NULL, 1, 'NORMALIZE_EQ', '{}', NULL, TRUE, 0, NULL, TRUE),
(101, 1, 'METAL_PURITY', 'TEXT', NULL, NULL, 'KM', NULL, 1, 'NORMALIZE_EQ', '{}', NULL, TRUE, 0, NULL, TRUE),
(102, 1, 'GEM_MAIN_MATERIAL', 'TEXT', NULL, NULL, 'KM', NULL, 1, 'NORMALIZE_EQ', '{}', NULL, TRUE, 0, NULL, TRUE),
(103, 1, 'GEM_SIDE_MATERIAL', 'TEXT', NULL, NULL, 'KM', NULL, 1, 'NORMALIZE_EQ', '{}', NULL, TRUE, 0, NULL, TRUE),
(104, 1, 'RING_SIZE_JP', 'TEXT', NULL, NULL, 'KM', NULL, 1, 'NORMALIZE_EQ', '{}', NULL, TRUE, 0, NULL, TRUE),
(105, 1, 'RING_SIZE_US', 'TEXT', NULL, NULL, 'KM', NULL, 1, 'NORMALIZE_EQ', '{}', NULL, TRUE, 0, NULL, TRUE),
(106, 1, 'ORIGIN', 'TEXT', NULL, NULL, 'KM', NULL, 1, 'NORMALIZE_EQ', '{}', NULL, TRUE, 0, NULL, TRUE),
(107, 1, 'DIAMOND_COLOR', 'TEXT', NULL, NULL, 'KM', NULL, 1, 'NORMALIZE_EQ', '{}', NULL, TRUE, 0, NULL, TRUE),
(108, 1, 'GEM_COLOR', 'TEXT', NULL, NULL, 'KM', NULL, 1, 'NORMALIZE_EQ', '{}', NULL, TRUE, 0, NULL, TRUE),
(109, 1, 'DIAMOND_CUT', 'TEXT', NULL, NULL, 'KM', NULL, 1, 'NORMALIZE_EQ', '{}', NULL, TRUE, 0, NULL, TRUE),
(110, 1, 'CARAT_MAIN', 'TEXT', NULL, NULL, 'KM', NULL, 1, 'NORMALIZE_EQ', '{}', NULL, TRUE, 0, NULL, TRUE),
(111, 1, 'CARAT_SIDE', 'TEXT', NULL, NULL, 'KM', NULL, 1, 'NORMALIZE_EQ', '{}', NULL, TRUE, 0, NULL, TRUE),
(112, 1, 'FLUORESCENCE', 'TEXT', NULL, NULL, 'KM', NULL, 1, 'NORMALIZE_EQ', '{}', NULL, TRUE, 0, NULL, TRUE),
(113, 1, 'ERA', 'TEXT', NULL, NULL, 'KM', NULL, 1, 'NORMALIZE_EQ', '{}', NULL, TRUE, 0, NULL, TRUE),
(114, 1, 'CERTIFICATE_AGENCY', 'TEXT', NULL, NULL, 'KM', NULL, 1, 'NORMALIZE_EQ', '{}', NULL, TRUE, 0, NULL, TRUE),
(115, 1, 'CERTIFICATE_NO', 'TEXT', NULL, NULL, 'KM', NULL, 1, 'NORMALIZE_EQ', '{}', NULL, TRUE, 0, NULL, TRUE),
(116, 1, 'CERTIFICATE', 'TEXT', NULL, NULL, 'KM', NULL, 1, 'NORMALIZE_EQ', '{}', NULL, TRUE, 0, NULL, TRUE),
(117, 1, 'GEM_TREATMENT', 'TEXT', NULL, NULL, 'KM', NULL, 1, 'NORMALIZE_EQ', '{}', NULL, TRUE, 0, NULL, TRUE),
(118, 1, 'DIAMOND_CLARITY', 'TEXT', NULL, NULL, 'KM', NULL, 1, 'NORMALIZE_EQ', '{}', NULL, TRUE, 0, NULL, TRUE),
(119, 1, 'GEM_MAIN_DIAMETER', 'TEXT', NULL, NULL, 'KM', NULL, 1, 'NORMALIZE_EQ', '{}', NULL, TRUE, 0, NULL, TRUE),
(120, 1, 'MOTIF', 'TEXT', NULL, NULL, 'KM', NULL, 1, 'NORMALIZE_EQ', '{}', NULL, TRUE, 0, NULL, TRUE),
(121, 1, 'VINTAGE_FLAG', 'TEXT', NULL, NULL, 'KM', NULL, 1, 'NORMALIZE_EQ', '{}', NULL, TRUE, 0, NULL, TRUE),
(122, 1, 'CASE_NO', 'TEXT', NULL, NULL, 'KM', NULL, 1, 'NORMALIZE_EQ', '{}', NULL, TRUE, 0, NULL, TRUE),
(123, 1, 'DIAL_MOTIF', 'TEXT', NULL, NULL, 'KM', NULL, 1, 'NORMALIZE_EQ', '{}', NULL, TRUE, 0, NULL, TRUE),
(124, 1, 'DIAL_MATERIAL', 'TEXT', NULL, NULL, 'KM', NULL, 1, 'NORMALIZE_EQ', '{}', NULL, TRUE, 0, NULL, TRUE),
(125, 1, 'BEZEL_COLOR', 'TEXT', NULL, NULL, 'KM', NULL, 1, 'NORMALIZE_EQ', '{}', NULL, TRUE, 0, NULL, TRUE),
(126, 1, 'WIDTH', 'TEXT', NULL, NULL, 'KM', NULL, 1, 'NORMALIZE_EQ', '{}', NULL, TRUE, 0, NULL, TRUE);

-- test data
-- INSERT INTO m_attr_definition (
--     attr_id, attr_cd, attr_nm, attr_sort_no, g_category_cd, data_type, 
--     g_list_group_cd, select_type, is_golden_attr, cleanse_phase, 
--     required_context_keys, target_table, target_column, product_unit_cd, 
--     credit_active_flag, usage, table_type_cd, attr_remarks, 
--     is_golden_product, is_golden_eva, is_active
-- ) VALUES 
-- (1, 'GP_CD', 'GP会社コード', 1, NULL, 'REF', NULL, 'SINGLE', TRUE, 10, '{}', 'm_product', 'group_company_id', NULL, FALSE, NULL, 'MST', '最終はm_product.group_company_idへ昇格（CLではPRODUCT_EAV1行作成）', TRUE, TRUE, TRUE),
-- (2, 'PRODUCT_CD', '商品コード', 2, NULL, 'TEXT', NULL, 'SINGLE', TRUE, 20, '{}', 'm_product', 'product_cd', NULL, FALSE, NULL, 'MST', '先頭ゼロ保持・大文字化・空白除去等の正規化を行いMSTへ昇格', TRUE, TRUE, TRUE),
-- (3, 'PRODUCT_MANAGEMENT_CD', '製品コード', 3, NULL, 'TEXT', NULL, 'SINGLE', TRUE, 20, '{}', 'm_product', 'product_management_cd', NULL, FALSE, NULL, 'MST', NULL, TRUE, TRUE, TRUE),
-- (6, 'BRAND', 'ブランド', 6, NULL, 'REF', NULL, 'SINGLE', TRUE, 30, '{}', 'm_product', 'g_brand_id', NULL, FALSE, NULL, 'MST', NULL, TRUE, TRUE, TRUE),
-- (9, 'CATEGORY_1', 'カテゴリ１', 9, NULL, 'REF', NULL, 'SINGLE', TRUE, 30, '{}', NULL, NULL, NULL, FALSE, NULL, 'MST', NULL, FALSE, TRUE, TRUE),
-- (10, 'CATEGORY_2', 'カテゴリ２', 10, NULL, 'REF', NULL, 'SINGLE', TRUE, 30, '{}', NULL, NULL, NULL, FALSE, NULL, 'MST', NULL, FALSE, TRUE, TRUE),
-- (11, 'CATEGORY_3', 'カテゴリ３', 11, NULL, 'REF', NULL, 'SINGLE', TRUE, 30, '{}', NULL, NULL, NULL, FALSE, NULL, 'MST', NULL, FALSE, TRUE, TRUE),
-- (12, 'CATEGORY_LEAF', 'カテゴリ（葉）', 12, NULL, 'REF', NULL, 'SINGLE', TRUE, 70, '{"CATEGORY_1","CATEGORY_2","CATEGORY_3"}', 'm_product', 'g_category_id', NULL, FALSE, NULL, 'MST', NULL, TRUE, TRUE, TRUE),
-- (13, 'PRODUCT_STATUS', '商品状態', 13, NULL, 'LIST', 'PRODUCT_STATUS', 'SINGLE', TRUE, 40, '{}', 'm_product', 'product_status_cd', NULL, FALSE, NULL, 'MST', NULL, TRUE, TRUE, TRUE),
-- (14, 'NEW_USED_KBN', '新品区分', 14, NULL, 'LIST', 'NEW_USED_KBN', 'SINGLE', TRUE, 40, '{}', 'm_product', 'new_used_kbn_cd', NULL, FALSE, NULL, 'MST', NULL, TRUE, TRUE, TRUE),
-- (15, 'STOCK_EXISTENCE', '在庫区分', 15, NULL, 'LIST', 'STOCK_EXISTENCE', 'SINGLE', TRUE, 40, '{}', 'm_product', 'stock_existence_cd', NULL, FALSE, NULL, 'MST', NULL, TRUE, TRUE, TRUE),
-- (16, 'SALE_STATUS', '販売状態', 16, NULL, 'LIST', 'SALE_STATUS', 'SINGLE', TRUE, 40, '{}', 'm_product', 'sale_status_cd', NULL, FALSE, NULL, 'MST', NULL, FALSE, TRUE, TRUE),
-- (17, 'TRANSFER_STATUS', '移動状態', 17, NULL, 'LIST', 'TRANSFER_STATUS', 'SINGLE', TRUE, 40, '{}', NULL, NULL, NULL, FALSE, NULL, 'MST', NULL, FALSE, TRUE, TRUE),
-- (18, 'REPAIR_STATUS', '修理状態', 18, NULL, 'LIST', 'REPAIR_STATUS', 'SINGLE', TRUE, 40, '{}', NULL, NULL, NULL, FALSE, NULL, 'MST', NULL, FALSE, TRUE, TRUE),
-- (19, 'RESERVATION_STATUS', '予約状態', 19, NULL, 'LIST', 'RESERVATION_STATUS', 'SINGLE', TRUE, 40, '{}', NULL, NULL, NULL, FALSE, NULL, 'MST', NULL, FALSE, TRUE, TRUE),
-- (20, 'CONSIGNMENT_STATUS', '委託状態', 20, NULL, 'LIST', 'CONSIGNMENT_STATUS', 'SINGLE', TRUE, 40, '{}', NULL, NULL, NULL, FALSE, NULL, 'MST', NULL, FALSE, TRUE, TRUE),
-- (21, 'ACCEPT_STATUS', '受託状態', 21, NULL, 'LIST', 'ACCEPT_STATUS', 'SINGLE', TRUE, 40, '{}', NULL, NULL, NULL, FALSE, NULL, 'MST', NULL, FALSE, TRUE, TRUE),
-- (22, 'EC_LISTING_STATUS', 'EC掲載状態', 22, NULL, 'LIST', 'EC_LISTING_STATUS', 'SINGLE', TRUE, 40, '{}', NULL, NULL, NULL, FALSE, NULL, 'MST', NULL, FALSE, TRUE, TRUE),
-- (23, 'CURRENCY_CD', '通貨コード', 23, NULL, 'LIST', 'CURRENCY_CD', 'SINGLE', TRUE, 30, '{''GP_CD''}', 'm_product', 'currency_cd', NULL, FALSE, NULL, 'MST', NULL, TRUE, TRUE, TRUE),
-- (29, 'DISPLAY_PRICE_EXCL_TAX', '表示価格(税抜き)', 24, NULL, 'NUM', NULL, 'SINGLE', TRUE, 50, '{}', NULL, NULL, '\', TRUE, NULL, 'MST', NULL, FALSE, TRUE, TRUE),
-- (30, 'DISPLAY_PRICE_INCL_TAX', '表示価格(税込み)', 25, NULL, 'NUM', NULL, 'SINGLE', TRUE, 50, '{}', 'm_product', 'display_price_incl_tax', '\', TRUE, NULL, 'MST', NULL, TRUE, TRUE, TRUE),
-- (31, 'DISPLAY_TAX_RATE', '表示税率', 26, NULL, 'NUM', NULL, 'SINGLE', TRUE, 50, '{}', NULL, NULL, '%', TRUE, NULL, 'MST', NULL, FALSE, TRUE, TRUE),
-- (32, 'PURCHASE_RANK', '仕入ランク', 27, NULL, 'LIST', 'PURCHASE_RANK', 'SINGLE', TRUE, 40, '{}', NULL, NULL, NULL, TRUE, NULL, 'MST', NULL, FALSE, TRUE, TRUE),
-- (33, 'SALES_RANK', '販売ランク', 28, NULL, 'LIST', 'SALES_RANK', 'SINGLE', TRUE, 40, '{}', NULL, NULL, NULL, TRUE, NULL, 'MST', NULL, FALSE, TRUE, TRUE);

INSERT INTO m_attr_definition (
    attr_id, attr_cd, attr_nm, attr_sort_no, g_category_cd, 
    data_type, g_list_group_cd, select_type, is_golden_attr, 
    cleanse_phase, required_context_keys, target_table, 
    target_column, product_unit_cd, credit_active_flag, usage,
    table_type_cd, attr_remarks, is_golden_product,
    is_golden_eav, is_active
) VALUES 
(1, 'GP_CD', 'GP会社コード', 1, NULL, 'REF', NULL, 'SINGLE', TRUE, 10, '{}', 'm_product', 'group_company_id', NULL, FALSE, NULL, 'MST', '最終はm_product.group_company_idへ昇格（CLではEAV1行作成）', TRUE, FALSE, TRUE),
(2, 'PRODUCT_CD', '商品コード', 2, NULL, 'TEXT', NULL, 'SINGLE', TRUE, 20, '{}', 'm_product', 'source_product_cd', NULL, FALSE, NULL, 'MST', '先頭ゼロ保持・大文字化・空白除去等の正規化を行いMSTへ昇格', TRUE, FALSE, TRUE),
(3, 'PRODUCT_MANAGEMENT_CD', '製品管理コード', 3, NULL, 'TEXT', NULL, 'SINGLE', TRUE, 20, '{}', 'm_product', 'source_product_management_cd', NULL, FALSE, NULL, 'MST', NULL, TRUE, FALSE, TRUE),
(4, 'BRAND', 'ブランド', 4, NULL, 'REF', NULL, 'SINGLE', TRUE, 10, '{}', 'm_product', 'g_brand_id', NULL, FALSE, NULL, 'MST', NULL, TRUE, FALSE, TRUE),
(5, 'CATEGORY_PRODCUT', '商材', 5, NULL, 'TEXT', NULL, 'SINGLE', FALSE, 10, '{}', NULL, NULL, NULL, FALSE, NULL, 'EAV', NULL, FALSE, FALSE, TRUE),
(6, 'CATEGORY_1', 'カテゴリ', 6, NULL, 'REF', NULL, 'SINGLE', TRUE, 10, '{}', NULL, NULL, NULL, FALSE, NULL, 'MST', NULL, FALSE, TRUE, TRUE),
(7, 'CATEGORY_2', '大分類', 7, NULL, 'REF', NULL, 'SINGLE', TRUE, 10, '{}', NULL, NULL, NULL, FALSE, NULL, 'MST', NULL, FALSE, TRUE, TRUE),
(8, 'CATEGORY_3', '中分類', 8, NULL, 'REF', NULL, 'SINGLE', TRUE, 10, '{}', NULL, NULL, NULL, FALSE, NULL, 'MST', NULL, FALSE, TRUE, TRUE),
(9, 'CATEGORY_LEAF', 'アイテム種類', 9, NULL, 'REF', NULL, 'SINGLE', TRUE, 70, '{"CATEGORY_1","CATEGORY_2","CATEGORY_3"}', 'm_product', 'g_category_id', NULL, FALSE, NULL, 'MST', NULL, TRUE, FALSE, TRUE),
(10, 'PRODUCT_STATUS', '商品状態', 10, NULL, 'LIST', 'PRODUCT_STATUS', 'SINGLE', TRUE, 40, '{}', 'm_product', 'product_status_cd', NULL, FALSE, NULL, 'MST', 'EVENT', TRUE, FALSE, TRUE),
(11, 'NEW_USED_KBN', '新品区分', 11, NULL, 'LIST', 'NEW_USED_KBN', 'SINGLE', TRUE, 40, '{}', 'm_product', 'new_used_kbn_cd', NULL, FALSE, NULL, 'MST', 'EVENT', TRUE, FALSE, TRUE),
(12, 'STOCK_EXISTENCE', '在庫区分', 12, NULL, 'LIST', 'STOCK_EXISTENCE', 'SINGLE', TRUE, 40, '{}', 'm_product', 'stock_existence_cd', NULL, FALSE, NULL, 'MST', 'EVENT', TRUE, FALSE, TRUE),
(13, 'SALE_STATUS', '販売状態', 13, NULL, 'LIST', 'SALE_STATUS', 'SINGLE', TRUE, 40, '{}', 'm_product', 'sale_status_cd', NULL, FALSE, NULL, 'MST', 'EVENT', TRUE, FALSE, TRUE),
(14, 'TRANSFER_STATUS', '移動状態', 14, NULL, 'LIST', 'TRANSFER_STATUS', 'SINGLE', TRUE, 40, '{}', NULL, NULL, NULL, FALSE, NULL, 'MST', 'EVENT', FALSE, TRUE, TRUE),
(15, 'REPAIR_STATUS', '修理状態', 15, NULL, 'LIST', 'REPAIR_STATUS', 'SINGLE', TRUE, 40, '{}', NULL, NULL, NULL, FALSE, NULL, 'MST', 'EVENT', FALSE, TRUE, TRUE),
(16, 'RESERVATION_STATUS', '予約状態', 16, NULL, 'LIST', 'RESERVATION_STATUS', 'SINGLE', TRUE, 40, '{}', NULL, NULL, NULL, FALSE, NULL, 'MST', 'EVENT', FALSE, TRUE, TRUE),
(17, 'CONSIGNMENT_STATUS', '委託状態', 17, NULL, 'LIST', 'CONSIGNMENT_STATUS', 'SINGLE', TRUE, 40, '{}', NULL, NULL, NULL, FALSE, NULL, 'MST', 'EVENT', FALSE, TRUE, TRUE),
(18, 'ACCEPT_STATUS', '受託状態', 18, NULL, 'LIST', 'ACCEPT_STATUS', 'SINGLE', TRUE, 40, '{}', NULL, NULL, NULL, FALSE, NULL, 'MST', 'EVENT', FALSE, TRUE, TRUE),
(19, 'EC_LISTING_STATUS', 'EC掲載状態', 19, NULL, 'LIST', 'EC_LISTING_STATUS', 'SINGLE', TRUE, 40, '{}', NULL, NULL, NULL, FALSE, NULL, 'MST', 'EVENT', FALSE, TRUE, TRUE),
(20, 'CURRENCY_CD', '通貨コード', 20, NULL, 'LIST', 'CURRENCY_CD', 'SINGLE', TRUE, 50, '{''GP_CD''}', 'm_product', 'currency_cd', NULL, FALSE, NULL, 'MST', NULL, TRUE, FALSE, TRUE),
(21, 'PURCHASE_PRICE_EXCL_TAX', '仕入金額（税抜）', 21, NULL, 'NUM', NULL, 'SINGLE', TRUE, 50, '{}', NULL, NULL, NULL, FALSE, NULL, 'MST', NULL, TRUE, FALSE, TRUE),
(22, 'PURCHASE_PRICE_INCL_TAX', '仕入金額（税込）', 22, NULL, 'NUM', NULL, 'SINGLE', TRUE, 50, '{}', NULL, NULL, NULL, FALSE, NULL, 'MST', NULL, TRUE, FALSE, TRUE),
(23, 'DISCOUNT_PRICE_EXCL_TAX', 'セール価格（税抜）', 23, NULL, 'NUM', NULL, 'SINGLE', TRUE, 50, '{}', NULL, NULL, NULL, FALSE, NULL, 'MST', NULL, TRUE, FALSE, TRUE),
(24, 'DISCOUNT_PRICE_INCL_TAX', 'セール価格（税込）', 24, NULL, 'NUM', NULL, 'SINGLE', TRUE, 50, '{}', NULL, NULL, NULL, FALSE, NULL, 'MST', NULL, TRUE, FALSE, TRUE),
(25, 'SALES_PRICE_INCL_TAX', '売上価格(税抜き)', 25, NULL, 'NUM', NULL, 'SINGLE', TRUE, 50, '{}', NULL, NULL, NULL, FALSE, NULL, 'MST', NULL, TRUE, FALSE, TRUE),
(26, 'SALES_PRICE_EXCL_TAX', '売上価格(税込み)', 26, NULL, 'NUM', NULL, 'SINGLE', TRUE, 50, '{}', NULL, NULL, NULL, FALSE, NULL, 'MST', NULL, TRUE, FALSE, TRUE),
(27, 'DISPLAY_PRICE_EXCL_TAX', '税抜売価', 27, NULL, 'NUM', NULL, 'SINGLE', TRUE, 50, '{}', NULL, NULL, '\', TRUE, NULL, 'MST', NULL, FALSE, TRUE, TRUE),
(28, 'DISPLAY_PRICE_INCL_TAX', '税込売価', 28, NULL, 'NUM', NULL, 'SINGLE', TRUE, 50, '{}', 'm_product', 'display_price_incl_tax', '\', TRUE, NULL, 'MST', NULL, TRUE, TRUE, TRUE),
(29, 'DISPLAY_TAX_RATE', '表示税率', 29, NULL, 'NUM', NULL, 'SINGLE', TRUE, 50, '{}', NULL, NULL, '%', TRUE, NULL, 'MST', NULL, FALSE, TRUE, TRUE),
(30, 'PURCHASE_RANK', '仕入ランク', 30, NULL, 'LIST', 'PURCHASE_RANK', 'SINGLE', TRUE, 40, '{}', NULL, NULL, NULL, TRUE, NULL, 'MST', NULL, FALSE, TRUE, TRUE),
(31, 'SALES_RANK', '販売ランク', 31, NULL, 'LIST', 'SALES_RANK', 'SINGLE', TRUE, 40, '{}', NULL, NULL, NULL, TRUE, NULL, 'MST', NULL, FALSE, TRUE, TRUE),
(32, 'STORE', '在庫店舗', 32, NULL, 'REF', NULL, 'SINGLE', TRUE, 30, '{}', NULL, NULL, NULL, FALSE, NULL, 'MST', NULL, FALSE, TRUE, TRUE),
(33, 'COLLABORATION_BRAND', 'コラボブランド', 33, 'FASHION', 'TEXT', NULL, 'SINGLE', TRUE, 30, '{}', NULL, NULL, NULL, FALSE, NULL, 'EAV', NULL, FALSE, TRUE, TRUE),
(34, 'SPEC_DIFFERENCE', '仕様違い', 34, 'WATCH', 'TEXT', NULL, 'SINGLE', TRUE, 40, '{}', NULL, NULL, NULL, FALSE, NULL, 'MST', NULL, TRUE, FALSE, TRUE),
(35, 'CONSIGNOR_GROUP_COMPANY_ID', '連携元委託元gp会社id', 35, NULL, 'TEXT', NULL, 'SINGLE', TRUE, 999, '{}', NULL, NULL, NULL, FALSE, NULL, 'MST', NULL, FALSE, TRUE, TRUE),
(36, 'CONSIGNOR_PRODUCT_CD', '連携元委託元商品コード', 36, NULL, 'TEXT', NULL, 'SINGLE', TRUE, 999, '{}', NULL, NULL, NULL, FALSE, NULL, 'MST', NULL, FALSE, TRUE, TRUE),
(37, 'SPECIAL_NOTES', '特記事項', 37, NULL, 'TEXT', NULL, 'SINGLE', TRUE, 999, '{}', NULL, NULL, NULL, FALSE, NULL, 'EAV', NULL, FALSE, TRUE, TRUE),
(38, 'DEFECT_NOTES', '瑕疵情報', 38, NULL, 'TEXT', NULL, 'SINGLE', TRUE, 999, '{}', NULL, NULL, NULL, FALSE, NULL, 'EAV', NULL, FALSE, TRUE, TRUE),
(39, 'CATALOG_DESC', '商品概要（カタログ説明）', 39, NULL, 'TEXT', NULL, 'SINGLE', TRUE, 999, '{}', NULL, NULL, NULL, FALSE, NULL, 'EAV', NULL, FALSE, TRUE, TRUE),
(40, 'PRODUCT_REMARKS', '商品備考', 40, NULL, 'TEXT', NULL, 'SINGLE', TRUE, 999, '{}', NULL, NULL, NULL, FALSE, NULL, 'EAV', NULL, FALSE, TRUE, TRUE),
(41, 'PURCHASE_DATE', '仕入日', 41, NULL, 'TEXT', NULL, 'SINGLE', TRUE, 999, '{}', NULL, NULL, NULL, FALSE, NULL, 'EAV', NULL, FALSE, TRUE, TRUE),
(42, 'REFERENCE_PRICE', '参考上代（参考定価）', 42, NULL, 'TEXT', NULL, 'SINGLE', TRUE, 999, '{}', NULL, NULL, NULL, FALSE, NULL, 'EAV', NULL, FALSE, TRUE, TRUE),
(43, 'REFERENCE_PRICE_UPDATED_AT', '参考上代更新日', 43, NULL, 'TEXT', NULL, 'SINGLE', TRUE, 999, '{}', NULL, NULL, NULL, FALSE, NULL, 'EAV', NULL, FALSE, TRUE, TRUE),
(44, 'SALES_START_DATE', '販売開始日', 44, NULL, 'TEXT', NULL, 'SINGLE', TRUE, 999, '{}', NULL, NULL, NULL, FALSE, NULL, 'EAV', NULL, FALSE, TRUE, TRUE),
(45, 'SALES_END_DATE', '販売終了日', 45, NULL, 'TEXT', NULL, 'SINGLE', TRUE, 999, '{}', NULL, NULL, NULL, FALSE, NULL, 'EAV', NULL, FALSE, TRUE, TRUE),
(46, 'GENDER', '性別', 46, NULL, 'TEXT', NULL, 'SINGLE', TRUE, 999, '{}', NULL, NULL, NULL, FALSE, NULL, 'EAV', NULL, FALSE, TRUE, TRUE),
(47, 'PRODUCT_ALIAS', '通称名', 47, NULL, 'TEXT', NULL, 'SINGLE', TRUE, 999, '{}', NULL, NULL, NULL, FALSE, NULL, 'EAV', NULL, FALSE, TRUE, TRUE),
(48, 'PRODUCT_LINE', '製品群名', 48, NULL, 'TEXT', NULL, 'SINGLE', TRUE, 70, '{}', NULL, NULL, NULL, FALSE, NULL, 'EAV', NULL, FALSE, TRUE, TRUE),
(49, 'MODEL_NO', '品番・型番', 49, NULL, 'TEXT', NULL, 'SINGLE', TRUE, 999, '{}', NULL, NULL, NULL, FALSE, NULL, 'EAV', NULL, FALSE, TRUE, TRUE),
(50, 'DIAL_COLOR', '文字盤カラー', 53, NULL, 'REF', NULL, NULL, NULL, NULL, '{}', NULL, NULL, NULL, TRUE, NULL, 'MST', NULL, FALSE, TRUE, TRUE),
(51, 'MAIN_COLOR', '代表カラー', 52, NULL, 'REF', NULL, NULL, NULL, NULL, '{}', NULL, NULL, NULL, TRUE, NULL, 'MST', NULL, FALSE, TRUE, TRUE),
(52, 'BAND_MATERIAL', 'ベルトの素材', 52, 'WATCH', 'TEXT', NULL, 'SINGLE', TRUE, 60, '{}', NULL, NULL, NULL, FALSE, NULL, 'EAV', NULL, FALSE, TRUE, TRUE),
(53, 'BAND_COLOR', 'バンドカラー', 53, 'WATCH', 'REF', NULL, 'SINGLE', TRUE, 60, '{}', NULL, NULL, NULL, FALSE, NULL, 'EAV', NULL, FALSE, TRUE, TRUE),
(54, 'DIAL_PATTERN', '文字盤タイプ　柄', 54, 'WATCH', 'TEXT', NULL, 'SINGLE', TRUE, 60, '{}', NULL, NULL, NULL, FALSE, NULL, 'EAV', NULL, FALSE, TRUE, TRUE),
(55, 'CASE_MATERIAL', 'ケースの素材', 55, 'WATCH', 'TEXT', NULL, 'SINGLE', TRUE, 60, '{}', NULL, NULL, NULL, FALSE, NULL, 'EAV', NULL, FALSE, TRUE, TRUE),
(56, 'MODEL_YEAR', '年式', 56, 'WATCH', 'TEXT', NULL, 'SINGLE', TRUE, 999, '{}', NULL, NULL, NULL, FALSE, NULL, 'EAV', NULL, FALSE, TRUE, TRUE),
(57, 'SIZE_WRIST', '手首回りサイズ（ブレス内径）', 57, 'WATCH', 'TEXT', NULL, 'SINGLE', TRUE, 999, '{}', NULL, NULL, NULL, FALSE, NULL, 'EAV', NULL, FALSE, TRUE, TRUE),
(58, 'MOVEMENT', 'ムーブメント', 58, 'WATCH', 'TEXT', NULL, 'SINGLE', TRUE, 999, '{}', NULL, NULL, NULL, FALSE, NULL, 'EAV', NULL, FALSE, TRUE, TRUE),
(59, 'WEIGHT', '重量', 59, 'WATCH', 'TEXT', NULL, 'SINGLE', TRUE, 999, '{}', NULL, NULL, NULL, FALSE, NULL, 'EAV', NULL, FALSE, TRUE, TRUE),
(60, 'CASE_HEIGHT_ACTUAL', 'ケースの直径（縦）実寸', 60, 'WATCH', 'TEXT', NULL, 'SINGLE', TRUE, 60, '{}', NULL, NULL, NULL, FALSE, NULL, 'EAV', NULL, FALSE, TRUE, TRUE),
(61, 'CASE_WIDTH_ACTUAL', 'ケースの直径（横）実寸', 61, 'WATCH', 'TEXT', NULL, 'SINGLE', TRUE, 60, '{}', NULL, NULL, NULL, FALSE, NULL, 'EAV', NULL, FALSE, TRUE, TRUE),
(62, 'CASE_DEPTH_ACTUAL', 'ケースの厚み　実寸', 62, 'WATCH', 'TEXT', NULL, 'SINGLE', TRUE, 60, '{}', NULL, NULL, NULL, FALSE, NULL, 'EAV', NULL, FALSE, TRUE, TRUE),
(63, 'STANDARD_SIZE', '規格サイズ', 63, NULL, 'TEXT', NULL, 'SINGLE', TRUE, 60, '{}', NULL, NULL, NULL, FALSE, NULL, 'EAV', NULL, FALSE, TRUE, TRUE),
(64, 'ACCESSORIES', '付属品', 64, NULL, 'TEXT', NULL, 'SINGLE', TRUE, 999, '{}', NULL, NULL, NULL, FALSE, NULL, 'EAV', NULL, FALSE, TRUE, TRUE),
(65, 'WATER_RESIST', '防水', 65, 'WATCH', 'TEXT', NULL, 'SINGLE', TRUE, 999, '{}', NULL, NULL, NULL, FALSE, NULL, 'EAV', NULL, FALSE, TRUE, TRUE),
(66, 'FUNCTIONS', '機能', 66, 'WATCH', 'TEXT', NULL, 'SINGLE', TRUE, 999, '{}', NULL, NULL, NULL, FALSE, NULL, 'EAV', NULL, FALSE, TRUE, TRUE),
(67, 'CASE_SHAPE', 'ケース形状', 67, 'WATCH', 'TEXT', NULL, 'SINGLE', TRUE, 999, '{}', NULL, NULL, NULL, FALSE, NULL, 'EAV', NULL, FALSE, TRUE, TRUE),
(68, 'WARRANTY_TYPE', '保証', 68, 'WATCH', 'TEXT', NULL, 'SINGLE', TRUE, 999, '{}', NULL, NULL, NULL, FALSE, NULL, 'EAV', NULL, FALSE, TRUE, TRUE),
(69, 'WARRANTY_DATE', '保証書日付', 69, 'WATCH', 'TEXT', NULL, 'SINGLE', TRUE, 999, '{}', NULL, NULL, NULL, FALSE, NULL, 'EAV', NULL, FALSE, TRUE, TRUE),
(70, 'MADE_IN', '製造国', 70, 'WATCH', 'TEXT', NULL, 'SINGLE', TRUE, 999, '{}', NULL, NULL, NULL, FALSE, NULL, 'EAV', NULL, FALSE, TRUE, TRUE),
(71, 'SERIAL_NO', '製造番号、製番、シリアル番号', 71, NULL, 'TEXT', NULL, 'SINGLE', TRUE, 999, '{}', NULL, NULL, NULL, FALSE, NULL, 'EAV', NULL, FALSE, TRUE, TRUE),
(72, 'BODY_MATERIAL', '本体素材', 72, 'BAG', 'TEXT', NULL, 'SINGLE', TRUE, 60, '{}', NULL, NULL, NULL, FALSE, NULL, 'EAV', NULL, FALSE, TRUE, TRUE),
(73, 'BODY_COLOR', '本体カラー', 73, 'BAG', 'TEXT', NULL, 'SINGLE', TRUE, 60, '{}', NULL, NULL, NULL, FALSE, NULL, 'EAV', NULL, FALSE, TRUE, TRUE),
(74, 'METAL_MATERIAL', '金具素材', 74, 'BAG', 'TEXT', NULL, 'SINGLE', TRUE, 999, '{}', NULL, NULL, NULL, FALSE, NULL, 'EAV', NULL, FALSE, TRUE, TRUE),
(75, 'DATE_CODE', 'デートコード', 75, 'BAG', 'TEXT', NULL, 'SINGLE', TRUE, 999, '{}', NULL, NULL, NULL, FALSE, NULL, 'EAV', NULL, FALSE, TRUE, TRUE),
(76, 'BODY_PATTERN', '本体 柄', 76, 'BAG', 'TEXT', NULL, 'SINGLE', TRUE, 999, '{}', NULL, NULL, NULL, FALSE, NULL, 'EAV', NULL, FALSE, TRUE, TRUE),
(77, 'ENGRAVING', '刻印', 77, 'BAG', 'TEXT', NULL, 'SINGLE', TRUE, 999, '{}', NULL, NULL, NULL, FALSE, NULL, 'EAV', NULL, FALSE, TRUE, TRUE),
(78, 'HEIGHT', '高さ', 78, 'FASHION', 'TEXT', NULL, 'SINGLE', TRUE, 999, '{}', NULL, NULL, NULL, FALSE, NULL, 'EAV', NULL, FALSE, TRUE, TRUE),
(79, 'WIDTH_ACTUAL', '横幅（実寸）', 79, 'BAG', 'TEXT', NULL, 'SINGLE', TRUE, 999, '{}', NULL, NULL, NULL, FALSE, NULL, 'EAV', NULL, FALSE, TRUE, TRUE),
(80, 'DEPTH_ACTUAL', '奥行き/マチ（実寸）', 80, 'BAG', 'TEXT', NULL, 'SINGLE', TRUE, 999, '{}', NULL, NULL, NULL, FALSE, NULL, 'EAV', NULL, FALSE, TRUE, TRUE),
(81, 'HEIGHT_ACTUAL', '高さ（実寸）', 81, 'BAG', 'TEXT', NULL, 'SINGLE', TRUE, 999, '{}', NULL, NULL, NULL, FALSE, NULL, 'EAV', NULL, FALSE, TRUE, TRUE),
(82, 'CARD_SLOT_COUNT', 'カードケースの数', 82, 'BAG', 'TEXT', NULL, 'SINGLE', TRUE, 999, '{}', NULL, NULL, NULL, FALSE, NULL, 'EAV', NULL, FALSE, TRUE, TRUE),
(83, 'POCKET_IN_COUNT', 'ポケット数（内）', 83, 'BAG', 'TEXT', NULL, 'SINGLE', TRUE, 999, '{}', NULL, NULL, NULL, FALSE, NULL, 'EAV', NULL, FALSE, TRUE, TRUE),
(84, 'POCKET_OUT_COUNT', 'ポケット数（外）', 84, 'BAG', 'TEXT', NULL, 'SINGLE', TRUE, 999, '{}', NULL, NULL, NULL, FALSE, NULL, 'EAV', NULL, FALSE, TRUE, TRUE),
(85, 'SERIAL_POSITION', '製造番号の位置', 85, 'BAG', 'TEXT', NULL, 'SINGLE', TRUE, 999, '{}', NULL, NULL, NULL, FALSE, NULL, 'EAV', NULL, FALSE, TRUE, TRUE),
(86, 'DESIGN_PERIOD', 'デザイン時期', 86, 'FASHION', 'TEXT', NULL, 'SINGLE', TRUE, 999, '{}', NULL, NULL, NULL, FALSE, NULL, 'EAV', NULL, FALSE, TRUE, TRUE),
(87, 'SEASON', 'シーズン', 87, 'FASHION', 'TEXT', NULL, 'SINGLE', TRUE, 999, '{}', NULL, NULL, NULL, FALSE, NULL, 'EAV', NULL, FALSE, TRUE, TRUE),
(88, 'PATTERN', '柄', 88, 'FASHION', 'TEXT', NULL, 'SINGLE', TRUE, 999, '{}', NULL, NULL, NULL, FALSE, NULL, 'EAV', NULL, FALSE, TRUE, TRUE),
(89, 'MATERIAL', '素材', 89, 'FASHION', 'TEXT', NULL, 'SINGLE', TRUE, 999, '{}', NULL, NULL, NULL, FALSE, NULL, 'EAV', NULL, FALSE, TRUE, TRUE),
(90, 'SIZE_ACTUAL', '実寸サイズ', 90, 'JEWELRY', 'TEXT', NULL, 'SINGLE', TRUE, 999, '{}', NULL, NULL, NULL, FALSE, NULL, 'EAV', NULL, FALSE, TRUE, TRUE),
(91, 'SIZE_NOTE', 'サイズ備考', 91, 'JEWELRY', 'TEXT', NULL, 'SINGLE', TRUE, 999, '{}', NULL, NULL, NULL, FALSE, NULL, 'EAV', NULL, FALSE, TRUE, TRUE),
(92, 'BODY_WIDTH', '身幅', 92, 'FASHION', 'TEXT', NULL, 'SINGLE', TRUE, 999, '{}', NULL, NULL, NULL, FALSE, NULL, 'EAV', NULL, FALSE, TRUE, TRUE),
(93, 'BODY_LENGTH', '着丈', 93, 'FASHION', 'TEXT', NULL, 'SINGLE', TRUE, 999, '{}', NULL, NULL, NULL, FALSE, NULL, 'EAV', NULL, FALSE, TRUE, TRUE),
(94, 'SLEEVE_LENGTH', '袖丈', 94, 'FASHION', 'TEXT', NULL, 'SINGLE', TRUE, 999, '{}', NULL, NULL, NULL, FALSE, NULL, 'EAV', NULL, FALSE, TRUE, TRUE),
(95, 'SHOULDER_WIDTH', '肩幅', 95, 'FASHION', 'TEXT', NULL, 'SINGLE', TRUE, 999, '{}', NULL, NULL, NULL, FALSE, NULL, 'EAV', NULL, FALSE, TRUE, TRUE),
(96, 'TOTAL_LENGTH', '総丈', 96, 'FASHION', 'TEXT', NULL, 'SINGLE', TRUE, 999, '{}', NULL, NULL, NULL, FALSE, NULL, 'EAV', NULL, FALSE, TRUE, TRUE),
(97, 'WAIST', 'ウエスト', 97, 'FASHION', 'TEXT', NULL, 'SINGLE', TRUE, 999, '{}', NULL, NULL, NULL, FALSE, NULL, 'EAV', NULL, FALSE, TRUE, TRUE),
(98, 'INSEAM', '股下', 98, 'FASHION', 'TEXT', NULL, 'SINGLE', TRUE, 999, '{}', NULL, NULL, NULL, FALSE, NULL, 'EAV', NULL, FALSE, TRUE, TRUE),
(99, 'HEEL_HEIGHT', 'ヒール', 99, 'FASHION', 'TEXT', NULL, 'SINGLE', TRUE, 999, '{}', NULL, NULL, NULL, FALSE, NULL, 'EAV', NULL, FALSE, TRUE, TRUE),
(100, 'HEIGHT2', '高さ', 100, 'FASHION', 'TEXT', NULL, 'SINGLE', TRUE, 999, '{}', NULL, NULL, NULL, FALSE, NULL, 'EAV', NULL, FALSE, TRUE, TRUE),
(101, 'LENGTH', '長さ', 101, 'JEWELRY', 'TEXT', NULL, 'SINGLE', TRUE, 999, '{}', NULL, NULL, NULL, FALSE, NULL, 'EAV', NULL, FALSE, TRUE, TRUE),
(102, 'METAL_PURITY', '金性', 102, 'JEWELRY', 'TEXT', NULL, 'SINGLE', TRUE, 999, '{}', NULL, NULL, NULL, FALSE, NULL, 'EAV', NULL, FALSE, TRUE, TRUE),
(103, 'GEM_MAIN_MATERIAL', '中石素材', 103, 'JEWELRY', 'TEXT', NULL, 'SINGLE', TRUE, 999, '{}', NULL, NULL, NULL, FALSE, NULL, 'EAV', NULL, FALSE, TRUE, TRUE),
(104, 'GEM_SIDE_MATERIAL', '脇石素材', 104, 'JEWELRY', 'TEXT', NULL, 'SINGLE', TRUE, 999, '{}', NULL, NULL, NULL, FALSE, NULL, 'EAV', NULL, FALSE, TRUE, TRUE),
(105, 'RING_SIZE_JP', 'リングサイズ（JP Size）', 105, 'JEWELRY', 'TEXT', NULL, 'SINGLE', TRUE, 999, '{}', NULL, NULL, NULL, FALSE, NULL, 'EAV', NULL, FALSE, TRUE, TRUE),
(106, 'RING_SIZE_US', 'リングサイズ（US Size）', 106, 'JEWELRY', 'TEXT', NULL, 'SINGLE', TRUE, 999, '{}', NULL, NULL, NULL, FALSE, NULL, 'EAV', NULL, FALSE, TRUE, TRUE),
(107, 'ORIGIN', '産地', 107, 'JEWELRY', 'TEXT', NULL, 'SINGLE', TRUE, 999, '{}', NULL, NULL, NULL, FALSE, NULL, 'EAV', NULL, FALSE, TRUE, TRUE),
(108, 'DIAMOND_COLOR', 'カラー（ダイヤモンド）', 108, 'JEWELRY', 'TEXT', NULL, 'SINGLE', TRUE, 999, '{}', NULL, NULL, NULL, FALSE, NULL, 'EAV', NULL, FALSE, TRUE, TRUE),
(109, 'GEM_COLOR', 'カラー（色石）', 109, 'JEWELRY', 'TEXT', NULL, 'SINGLE', TRUE, 999, '{}', NULL, NULL, NULL, FALSE, NULL, 'EAV', NULL, FALSE, TRUE, TRUE),
(110, 'DIAMOND_CUT', 'カット（ダイヤモンド）', 110, 'JEWELRY', 'TEXT', NULL, 'SINGLE', TRUE, 999, '{}', NULL, NULL, NULL, FALSE, NULL, 'EAV', NULL, FALSE, TRUE, TRUE),
(111, 'CARAT_MAIN', 'カラット（中石）', 111, 'JEWELRY', 'TEXT', NULL, 'SINGLE', TRUE, 999, '{}', NULL, NULL, NULL, FALSE, NULL, 'EAV', NULL, FALSE, TRUE, TRUE),
(112, 'CARAT_SIDE', 'カラット（脇石）', 112, 'JEWELRY', 'TEXT', NULL, 'SINGLE', TRUE, 999, '{}', NULL, NULL, NULL, FALSE, NULL, 'EAV', NULL, FALSE, TRUE, TRUE),
(113, 'FLUORESCENCE', '蛍光性', 113, 'JEWELRY', 'TEXT', NULL, 'SINGLE', TRUE, 999, '{}', NULL, NULL, NULL, FALSE, NULL, 'EAV', NULL, FALSE, TRUE, TRUE),
(114, 'ERA', '年代属性', 114, 'FASHION', 'TEXT', NULL, 'SINGLE', TRUE, 999, '{}', NULL, NULL, NULL, FALSE, NULL, 'EAV', NULL, FALSE, TRUE, TRUE),
(115, 'CERTIFICATE_AGENCY', '鑑定機関', 115, 'JEWELRY', 'TEXT', NULL, 'SINGLE', TRUE, 999, '{}', NULL, NULL, NULL, FALSE, NULL, 'EAV', NULL, FALSE, TRUE, TRUE),
(116, 'CERTIFICATE_NO', '鑑定書番号', 116, 'JEWELRY', 'TEXT', NULL, 'SINGLE', TRUE, 999, '{}', NULL, NULL, NULL, FALSE, NULL, 'EAV', NULL, FALSE, TRUE, TRUE),
(117, 'CERTIFICATE', '鑑別書/鑑定書', 117, 'JEWELRY', 'TEXT', NULL, 'SINGLE', TRUE, 999, '{}', NULL, NULL, NULL, FALSE, NULL, 'EAV', NULL, FALSE, TRUE, TRUE),
(118, 'GEM_TREATMENT', '宝石の加工処理状態', 118, 'JEWELRY', 'TEXT', NULL, 'SINGLE', TRUE, 999, '{}', NULL, NULL, NULL, FALSE, NULL, 'EAV', NULL, FALSE, TRUE, TRUE),
(119, 'DIAMOND_CLARITY', 'クラリティ（ダイヤモンド）', 119, 'JEWELRY', 'TEXT', NULL, 'SINGLE', TRUE, 999, '{}', NULL, NULL, NULL, FALSE, NULL, 'EAV', NULL, FALSE, TRUE, TRUE),
(120, 'GEM_MAIN_DIAMETER', '中石直径', 120, 'JEWELRY', 'TEXT', NULL, 'SINGLE', TRUE, 999, '{}', NULL, NULL, NULL, FALSE, NULL, 'EAV', NULL, FALSE, TRUE, TRUE),
(121, 'MOTIF', 'モチーフ', 121, 'JEWELRY', 'TEXT', NULL, 'SINGLE', TRUE, 999, '{}', NULL, NULL, NULL, FALSE, NULL, 'EAV', NULL, FALSE, TRUE, TRUE),
(122, 'VINTAGE_FLAG', 'ヴィンテージ', 122, 'BAG', 'TEXT', NULL, 'SINGLE', TRUE, 999, '{}', NULL, NULL, NULL, FALSE, NULL, 'EAV', NULL, FALSE, TRUE, TRUE),
(123, 'CASE_NO', 'ケース番号', 123, 'WATCH', 'TEXT', NULL, 'SINGLE', TRUE, 60, '{}', NULL, NULL, NULL, FALSE, NULL, 'EAV', NULL, FALSE, TRUE, TRUE),
(124, 'DIAL_MOTIF', '文字盤モチーフ', 124, 'WATCH', 'TEXT', NULL, 'SINGLE', TRUE, 999, '{}', NULL, NULL, NULL, FALSE, NULL, 'EAV', NULL, FALSE, TRUE, TRUE),
(125, 'DIAL_MATERIAL', '文字盤素材', 125, 'WATCH', 'TEXT', NULL, 'SINGLE', TRUE, 999, '{}', NULL, NULL, NULL, FALSE, NULL, 'EAV', NULL, FALSE, TRUE, TRUE),
(126, 'BEZEL_COLOR', 'ベゼルカラー', 126, 'WATCH', 'TEXT', NULL, 'SINGLE', TRUE, 999, '{}', NULL, NULL, NULL, FALSE, NULL, 'EAV', NULL, FALSE, TRUE, TRUE),
(127, 'WIDTH', '横幅', 127, 'BAG', 'TEXT', NULL, 'SINGLE', TRUE, 999, '{}', NULL, NULL, NULL, FALSE, NULL, 'EAV', NULL, FALSE, TRUE, TRUE);

INSERT INTO m_ref_table_map (
    ref_map_id, attr_cd, data_source, hop1_table, hop1_match_by, hop1_id_col, 
    hop1_label_col, hop1_return_cols, hop2_table, hop2_join_on_json, hop2_return_cd_col, 
    hop2_return_label_col, is_active, ref_table_remarks
) VALUES 
(1, 'GP_CD', 'MASTER', 'm_company', 'LABEL', 'group_company_cd', 'group_company_cd', '{group_company_cd}', NULL, NULL, NULL, NULL, TRUE, NULL),
(2, 'BRAND', 'MASTER', 'brand_source_map', 'ID', 'source_brand_id', NULL, '{"g_brand_id"} ', 'm_brand_g', '{"g_brand_id":"g_brand_id"}', 'g_brand_cd', 'g_brand_nm', TRUE, NULL),
(3, 'CATEGORY_1', 'MASTER', 'category_source_map', 'ID', 'source_category_1_id', NULL, '{"g_category_id"}', 'm_category_g', '{"g_category_id":"g_category_id"}', 'g_category_cd', 'g_category_nm', TRUE, NULL),
(4, 'CATEGORY_2', 'MASTER', 'category_source_map', 'ID', 'source_category_2_id', NULL, '{"g_category_id"}', 'm_category_g', '{"g_category_id":"g_category_id"}', 'g_category_cd', 'g_category_nm', TRUE, NULL),
(5, 'CATEGORY_3', 'MASTER', 'category_source_map', 'ID', 'source_category_3_id', NULL, '{"g_category_id"}', 'm_category_g', '{"g_category_id":"g_category_id"}', 'g_category_cd', 'g_category_nm', TRUE, NULL),
(6, 'PRODUCT_STATUS', 'MASTER', 'attr_source_map', 'AUTO', 'source_attr_id', 'source_attr_nm', '{"g_list_item_id"}', 'm_list_item_g', '{"g_list_item_id":"g_list_item_id"}', 'g_item_cd', 'g_item_label', TRUE, NULL),
(7, 'NEW_USED_KBN', 'MASTER', 'attr_source_map', 'AUTO', 'source_attr_id', 'source_attr_nm', '{"g_list_item_id"}', 'm_list_item_g', '{"g_list_item_id":"g_list_item_id"}', 'g_item_cd', 'g_item_label', TRUE, NULL),
(8, 'STOCK_EXISTENCE', 'MASTER', 'attr_source_map', 'AUTO', 'source_attr_id', 'source_attr_nm', '{"g_list_item_id"}', 'm_list_item_g', '{"g_list_item_id":"g_list_item_id"}', 'g_item_cd', 'g_item_label', TRUE, NULL),
(9, 'SALE_STATUS', 'MASTER', 'attr_source_map', 'AUTO', 'source_attr_id', 'source_attr_nm', '{"g_list_item_id"}', 'm_list_item_g', '{"g_list_item_id":"g_list_item_id"}', 'g_item_cd', 'g_item_label', TRUE, NULL),
(10, 'TRANSFER_STATUS', 'MASTER', 'attr_source_map', 'AUTO', 'source_attr_id', 'source_attr_nm', '{"g_list_item_id"}', 'm_list_item_g', '{"g_list_item_id":"g_list_item_id"}', 'g_item_cd', 'g_item_label', TRUE, NULL),
(11, 'REPAIR_STATUS', 'MASTER', 'attr_source_map', 'AUTO', 'source_attr_id', 'source_attr_nm', '{"g_list_item_id"}', 'm_list_item_g', '{"g_list_item_id":"g_list_item_id"}', 'g_item_cd', 'g_item_label', TRUE, NULL),
(13, 'CONSIGNMENT_STATUS', 'MASTER', 'attr_source_map', 'AUTO', 'source_attr_id', 'source_attr_nm', '{"g_list_item_id"}', 'm_list_item_g', '{"g_list_item_id":"g_list_item_id"}', 'g_item_cd', 'g_item_label', TRUE, NULL),
(12, 'RESERVATION_STATUS', 'MASTER', 'attr_source_map', 'AUTO', 'source_attr_id', 'source_attr_nm', '{"g_list_item_id"}', 'm_list_item_g', '{"g_list_item_id":"g_list_item_id"}', 'g_item_cd', 'g_item_label', TRUE, NULL),
(14, 'ACCEPT_STATUS', 'MASTER', 'attr_source_map', 'AUTO', 'source_attr_id', 'source_attr_nm', '{"g_list_item_id"}', 'm_list_item_g', '{"g_list_item_id":"g_list_item_id"}', 'g_item_cd', 'g_item_label', TRUE, NULL),
(15, 'EC_LISTING_STATUS', 'MASTER', 'attr_source_map', 'AUTO', 'source_attr_id', 'source_attr_nm', '{"g_list_item_id"}', 'm_list_item_g', '{"g_list_item_id":"g_list_item_id"}', 'g_item_cd', 'g_item_label', TRUE, NULL),
(16, 'CURRENCY_CD', 'MASTER', 'm_company', 'AUTO', 'group_company_cd', NULL, '{"default_currency_cd"}', 'm_list_item_g', '{"default_currency_cd":"g_item_cd", "g_list_group_cd":"CURRENCY_CD"}', 'g_item_cd', 'g_item_label', TRUE, 'GPの既定通貨→通貨マスタへマッピング'),
(17, 'PURCHASE_RANK', 'MASTER', 'attr_source_map', 'AUTO', 'source_attr_id', 'source_attr_nm', '{"g_list_item_id"}', 'm_list_item_g', '{"g_list_item_id":"g_list_item_id"}', 'g_item_cd', 'g_item_label', TRUE, NULL),
(18, 'SALES_RANK', 'MASTER', 'attr_source_map', 'AUTO', 'source_attr_id', 'source_attr_nm', '{"g_list_item_id"}', 'm_list_item_g', '{"g_list_item_id":"g_list_item_id"}', 'g_item_cd', 'g_item_label', TRUE, NULL);


-- m_company テーブルへのデータ挿入
INSERT INTO m_company (
    group_company_id, 
    group_company_cd, 
    group_company_nm, 
    default_currency_cd, 
    is_active,
    cre_at,
    upd_at
) VALUES 
(1, 'KM', 'KOMEHYO', 'JPY', TRUE, CURRENT_TIMESTAMP, CURRENT_TIMESTAMP),
(2, 'RKE', 'ロデオドライブ', 'JPY', TRUE, CURRENT_TIMESTAMP, CURRENT_TIMESTAMP),
(3, 'KBO', 'ブランドオフ', 'JPY', TRUE, CURRENT_TIMESTAMP, CURRENT_TIMESTAMP)
ON CONFLICT (group_company_id) DO UPDATE SET
    group_company_cd = EXCLUDED.group_company_cd,
    group_company_nm = EXCLUDED.group_company_nm,
    default_currency_cd = EXCLUDED.default_currency_cd,
    is_active = EXCLUDED.is_active,
    upd_at = CURRENT_TIMESTAMP;

INSERT INTO attr_source_map (
    map_id, group_company_cd, g_list_group_id, g_brand_cd, 
    g_category_cd, usage, source_attr_id, source_attr_nm, 
    match_mode, is_active, g_list_item_id
) VALUES 
(1, 'KM', 1, NULL, NULL, NULL, NULL, '仕入', 'AUTO', TRUE, 1),
(2, 'KM', 1, NULL, NULL, NULL, NULL, '販売', 'AUTO', TRUE, 2),
(3, 'KM', 1, NULL, NULL, NULL, NULL, '出荷', 'AUTO', TRUE, 3),
(4, 'KM', 2, NULL, NULL, NULL, 1, '新品', 'ID', TRUE, 4),
(5, 'KM', 2, NULL, NULL, NULL, 2, '中古', 'ID', TRUE, 5),
(6, 'KM', 3, NULL, NULL, NULL, 0, '在庫なし', 'ID', TRUE, 6),
(7, 'KM', 3, NULL, NULL, NULL, 1, '在庫有', 'ID', TRUE, 7),
(8, 'KM', 4, NULL, NULL, NULL, 1, '販売可能', 'ID', TRUE, 8),
(9, 'KM', 4, NULL, NULL, NULL, 2, '販売不可', 'ID', TRUE, 9),
(10, 'KM', 5, NULL, NULL, NULL, 1, '移動中', 'ID', TRUE, 10),
(11, 'KM', 5, NULL, NULL, NULL, 0, '移動無し', 'ID', TRUE, 11),
(12, 'KM', 6, NULL, NULL, NULL, 1, '修理中', 'ID', TRUE, 12),
(13, 'KM', 6, NULL, NULL, NULL, 0, '修理無し', 'ID', TRUE, 13),
(14, 'KM', 7, NULL, NULL, NULL, 1, '予約中', 'ID', TRUE, 14),
(15, 'KM', 7, NULL, NULL, NULL, 0, '予約無し', 'ID', TRUE, 15),
(16, 'KM', 8, NULL, NULL, NULL, 1, '委託中', 'ID', TRUE, 16),
(17, 'KM', 8, NULL, NULL, NULL, 0, '委託無し', 'ID', TRUE, 17),
(18, 'KM', 9, NULL, NULL, NULL, 1, '受託中', 'ID', TRUE, 18),
(19, 'KM', 9, NULL, NULL, NULL, 0, '受託無し', 'ID', TRUE, 19),
(20, 'KM', 10, NULL, NULL, NULL, 1, 'EC掲載中', 'ID', TRUE, 20),
(21, 'KM', 10, NULL, NULL, NULL, 0, 'EC掲載なし', 'ID', TRUE, 21),
(22, 'KM', 12, NULL, NULL, NULL, 1, '新品', 'ID', TRUE, 24),
(23, 'KM', 12, NULL, NULL, NULL, 2, 'A', 'ID', TRUE, 26),
(24, 'KM', 12, NULL, NULL, NULL, 3, 'B', 'ID', TRUE, 27),
(25, 'KM', 12, NULL, NULL, NULL, 4, 'C', 'ID', TRUE, 28),
(26, 'KM', 12, NULL, NULL, NULL, 5, 'AB', 'ID', TRUE, 26),
(27, 'KM', 12, NULL, NULL, NULL, 6, 'OT', 'ID', TRUE, 24),
(28, 'KM', 12, NULL, NULL, NULL, 7, 'S', 'ID', TRUE, 25),
(29, 'KM', 13, NULL, NULL, NULL, 1, '新品', 'ID', TRUE, 24),
(30, 'KM', 13, NULL, NULL, NULL, 2, 'A', 'ID', TRUE, 26),
(31, 'KM', 13, NULL, NULL, NULL, 3, 'B', 'ID', TRUE, 27),
(32, 'KM', 13, NULL, NULL, NULL, 4, 'C', 'ID', TRUE, 28),
(33, 'KM', 13, NULL, NULL, NULL, 5, 'AB', 'ID', TRUE, 26),
(34, 'KM', 13, NULL, NULL, NULL, 6, 'OT', 'ID', TRUE, 24),
(35, 'KM', 13, NULL, NULL, NULL, 7, 'S', 'ID', TRUE, 25);

INSERT INTO category_source_map (
    map_id, 
    group_company_cd, 
    source_category_1_id, 
    source_category_1_nm, 
    source_category_2_id, 
    source_category_2_nm,
    source_category_3_id, 
    source_category_3_nm, 
    g_category_id, 
    is_active
    ) VALUES 
(1, 'KM', 20, 'ウォッチ', NULL, NULL, NULL, NULL, 116, TRUE),
(2, 'KM', 20, 'ウォッチ', 10, 'ウォッチ', NULL, NULL, 116, TRUE);

INSERT INTO m_token_route (
    token_id, group_company_cd, brand_scope, category_scope, 
    token_label, token_label_norm, applicable_attr_cd, 
    target_attr_cd, normalize_to, priority, token_remarks, is_active
) VALUES 
(1, 'KM', 3968, 116, 'BK', 'BK', 'DIAL_COLOR', 'DIAL_COLOR', 'BLACK', NULL, NULL, TRUE),
(2, 'KM', 3968, 116, 'BL', 'BL', 'DIAL_COLOR', 'DIAL_COLOR', 'BLUE', NULL, NULL, TRUE),
(3, 'KM', 3968, 116, 'BR', 'BR', 'DIAL_COLOR', 'DIAL_COLOR', 'BROWN', NULL, NULL, TRUE),
(4, 'KM', 3968, 116, 'SV', 'SV', 'DIAL_COLOR', 'DIAL_COLOR', 'SILVER', NULL, NULL, TRUE),
(5, 'KM', 3968, 116, 'GD', 'GD', 'DIAL_COLOR', 'DIAL_COLOR', 'GOLD', NULL, NULL, TRUE),
(6, 'KM', 3968, 116, 'GR', 'GR', 'DIAL_COLOR', 'DIAL_COLOR', 'GREEN', NULL, NULL, TRUE),
(7, 'KM', 3968, 116, 'GY', 'GY', 'DIAL_COLOR', 'DIAL_COLOR', 'GRAY', NULL, NULL, TRUE),
(8, 'KM', 3968, 116, 'IV', 'IV', 'DIAL_COLOR', 'DIAL_COLOR', 'IVORY', NULL, NULL, TRUE),
(9, 'KM', 3968, 116, 'PK', 'PK', 'DIAL_COLOR', 'DIAL_COLOR', 'PINK', NULL, NULL, TRUE),
(10, 'KM', 3968, 116, 'WT', 'WT', 'DIAL_COLOR', 'DIAL_COLOR', 'WHITE', NULL, NULL, TRUE),
(11, 'KM', 3968, 116, 'YL', 'YL', 'DIAL_COLOR', 'DIAL_COLOR', 'YELLOW', NULL, NULL, TRUE),
(12, 'KM', 3968, 116, 'ｺﾞｰﾙﾄﾞ', 'ｺﾞｰﾙﾄﾞ', 'DIAL_COLOR', 'DIAL_COLOR', 'GOLD', NULL, NULL, TRUE),
(13, 'KM', 3968, 116, 'ｱｲｽﾌﾞﾙｰ', 'ｱｲｽﾌﾞﾙｰ', 'DIAL_COLOR', 'DIAL_COLOR', 'ICE_BLUE', NULL, NULL, TRUE),
(14, 'KM', 3968, 116, 'ｼｬﾝﾊﾟﾝGD', 'ｼｬﾝﾊﾟﾝGD', 'DIAL_COLOR', 'DIAL_COLOR', 'CHAMPAGNE_GOLD', 100, 'GDと誤マッチを避ける優先度設定', TRUE),
(15, 'KM', 3968, 116, 'ﾁｪﾘｰ', 'ﾁｪﾘｰ', 'DIAL_COLOR', 'DIAL_COLOR', 'CHERRY', NULL, NULL, TRUE),
(16, 'KM', 3968, 116, 'ﾌﾞﾙｰ', 'ﾌﾞﾙｰ', 'DIAL_COLOR', 'DIAL_COLOR', 'BLUE', NULL, NULL, TRUE),
(17, 'KM', 3968, 116, 'xRD', 'xRD', 'DIAL_COLOR', 'BEZEL_COLOR', 'RED', NULL, NULL, TRUE),
(18, 'KM', 3968, 116, 'COM', 'COM', 'DIAL_COLOR', 'DIAL_MOTIF', 'COM', NULL, NULL, TRUE),
(19, 'KM', 3968, 116, 'ｻﾝﾋﾞｰﾑ', 'ｻﾝﾋﾞｰﾑ', 'DIAL_COLOR', 'DIAL_MOTIF', 'SUNBEAM', NULL, NULL, TRUE),
(20, 'KM', 3968, 116, 'ｺﾝｾﾝﾄﾘｯｸ', 'ｺﾝｾﾝﾄﾘｯｸ', 'DIAL_COLOR', 'DIAL_MOTIF', 'CONCENTRIC', NULL, NULL, TRUE),
(21, 'KM', 3968, 116, 'ﾌﾗﾜｰﾓﾁｰﾌ', 'ﾌﾗﾜｰﾓﾁｰﾌ', 'DIAL_COLOR', 'DIAL_MOTIF', 'FLOUR_MOTIF', NULL, NULL, TRUE),
(22, 'KM', 3968, 116, 'ﾋﾟﾗﾐｯﾄﾞ', 'ﾋﾟﾗﾐｯﾄﾞ', 'DIAL_COLOR', 'DIAL_MOTIF', 'PYRAMID', NULL, NULL, TRUE),
(23, 'KM', 3968, 116, 'ﾌﾟﾘﾝﾄCOM', 'ﾌﾟﾘﾝﾄCOM', 'DIAL_COLOR', 'DIAL_MOTIF', 'PRINT_COM', NULL, NULL, TRUE),
(24, 'KM', 3968, 116, 'ｸﾞﾗﾃﾞｰｼｮﾝ', 'ｸﾞﾗﾃﾞｰｼｮﾝ', 'DIAL_COLOR', 'DIAL_MOTIF', 'GRADATION', NULL, NULL, TRUE),
(25, 'KM', 3968, 116, 'ｼｪﾙ', 'ｼｪﾙ', 'DIAL_COLOR', 'DIAL_MATERIAL', 'SHELL', NULL, NULL, TRUE),
(26, 'KM', 3968, 116, 'D･', 'D･', 'DIAL_COLOR', 'DIAL_MATERIAL', 'DIAMOND', NULL, NULL, TRUE),
(27, 'KM', 3968, 116, 'ｺﾞｰﾙﾄﾞｸﾘｽﾀﾙ', 'ｺﾞｰﾙﾄﾞｸﾘｽﾀﾙ', 'DIAL_COLOR', 'DIAL_MATERIAL', 'GOLD_CRYSTAL', NULL, NULL, TRUE),
(28, 'KM', 3968, 116, 'MOP', 'MOP', 'DIAL_COLOR', 'DIAL_MATERIAL', 'MOP', NULL, NULL, TRUE),
(29, 'KM', 3968, 116, 'ｺﾞｰﾙﾀﾞｽﾄ', 'ｺﾞｰﾙﾀﾞｽﾄ', 'DIAL_COLOR', 'DIAL_MATERIAL', 'GOLD_DUST', NULL, NULL, TRUE),
(30, 'KM', 3968, 116, 'ｵﾆｷｽ', 'ｵﾆｷｽ', 'DIAL_COLOR', 'DIAL_MATERIAL', 'ONYX', NULL, NULL, TRUE),
(31, 'KM', 3968, 116, 'ｿｰﾀﾞﾗｲﾄ', 'ｿｰﾀﾞﾗｲﾄ', 'DIAL_COLOR', 'DIAL_MATERIAL', 'SODALITE', NULL, NULL, TRUE),
(32, 'KM', 3968, 116, 'ﾀｰｺｲｽﾞ', 'ﾀｰｺｲｽﾞ', 'DIAL_COLOR', 'DIAL_MATERIAL', 'TURQUOISE', NULL, NULL, TRUE),
(33, 'KM', 3968, 116, 'ﾌﾞﾛﾝｽﾞ', 'ﾌﾞﾛﾝｽﾞ', 'DIAL_COLOR', 'DIAL_MATERIAL', 'BRONZE', NULL, NULL, TRUE),
(34, 'KM', 3968, 116, 'ﾒﾃｵﾗｲﾄ', 'ﾒﾃｵﾗｲﾄ', 'DIAL_COLOR', 'DIAL_MATERIAL', 'METEORITE', NULL, NULL, TRUE),
(35, 'KM', 3968, 116, 'ﾙﾍﾞﾗｲﾄ', 'ﾙﾍﾞﾗｲﾄ', 'DIAL_COLOR', 'DIAL_MATERIAL', 'RUBELLITE', NULL, NULL, TRUE);